,region,sector,gdp
99,US.AL,4,2068.1
100,US.AL,5,597.4
102,US.AL,7,320.6
103,US.AL,8,1487.8
104,US.AL,9,93.0
105,US.AL,10,5995.0
106,US.AL,11,6782.9
109,US.AL,14,1267.7
110,US.AL,15,910.6
111,US.AL,16,3540.6
112,US.AL,17,2368.9
113,US.AL,18,1033.3
114,US.AL,19,1128.8
115,US.AL,20,763.6
116,US.AL,21,5841.8
117,US.AL,22,3182.5
118,US.AL,23,837.4
119,US.AL,24,527.2
121,US.AL,26,2329.7
122,US.AL,27,550.7
123,US.AL,28,182.9
124,US.AL,29,2776.2
125,US.AL,30,266.9
126,US.AL,31,1183.8
127,US.AL,32,3082.6
128,US.AL,33,1692.8
129,US.AL,34,11553.5
130,US.AL,35,13347.1
132,US.AL,37,181.5
133,US.AL,38,759.6
134,US.AL,39,170.2
135,US.AL,40,2196.8
136,US.AL,41,104.0
137,US.AL,42,126.7
138,US.AL,43,991.0
139,US.AL,44,650.7
141,US.AL,46,891.8
142,US.AL,47,119.0
143,US.AL,48,3109.8
144,US.AL,49,316.7
147,US.AL,52,7558.3
148,US.AL,53,742.1
149,US.AL,54,4592.7
150,US.AL,55,17.7
152,US.AL,57,19951.8
153,US.AL,58,1811.6
156,US.AL,61,2209.0
157,US.AL,62,2665.6
158,US.AL,63,6941.5
159,US.AL,64,1816.8
161,US.AL,66,4727.5
162,US.AL,67,455.1
164,US.AL,69,1293.1
166,US.AL,71,8827.6
167,US.AL,72,3603.1
168,US.AL,73,1558.9
169,US.AL,74,731.9
172,US.AL,77,312.1
173,US.AL,78,394.1
175,US.AL,80,962.7
176,US.AL,81,4630.9
177,US.AL,82,5166.3
179,US.AL,84,8192.0
180,US.AL,85,4090.9
181,US.AL,86,21612.9
191,US.AK,4,22.5
192,US.AK,5,436.0
194,US.AK,7,4828.0
195,US.AK,8,1237.5
196,US.AK,9,1671.6
197,US.AK,10,762.0
198,US.AK,11,2131.1
201,US.AK,14,75.7
202,US.AK,15,49.0
203,US.AK,16,2.3
204,US.AK,17,42.6
205,US.AK,18,15.5
206,US.AK,19,12.8
207,US.AK,20,1.9
208,US.AK,21,3.6
209,US.AK,22,29.2
210,US.AK,23,13.7
211,US.AK,24,9.5
213,US.AK,26,926.6
214,US.AK,27,6.7
215,US.AK,28,0.8
216,US.AK,29,0.7
217,US.AK,30,22.3
218,US.AK,31,597.2
219,US.AK,32,7.8
220,US.AK,33,8.9
221,US.AK,34,1271.7
222,US.AK,35,2221.4
224,US.AK,37,885.8
225,US.AK,38,0.0
226,US.AK,39,303.3
227,US.AK,40,322.8
228,US.AK,41,165.8
229,US.AK,42,3645.4
230,US.AK,43,755.2
231,US.AK,44,41.8
233,US.AK,46,79.4
234,US.AK,47,24.3
235,US.AK,48,1286.9
236,US.AK,49,33.1
239,US.AK,52,780.0
240,US.AK,53,80.8
241,US.AK,54,409.8
242,US.AK,55,14.8
244,US.AK,57,4344.1
245,US.AK,58,610.1
248,US.AK,61,184.3
249,US.AK,62,151.7
250,US.AK,63,1793.1
251,US.AK,64,382.5
253,US.AK,66,862.3
254,US.AK,67,244.1
256,US.AK,69,191.4
258,US.AK,71,1883.2
259,US.AK,72,1167.6
260,US.AK,73,207.1
261,US.AK,74,407.3
264,US.AK,77,94.0
265,US.AK,78,204.6
267,US.AK,80,635.4
268,US.AK,81,903.4
269,US.AK,82,865.5
271,US.AK,84,2003.4
272,US.AK,85,2250.7
273,US.AK,86,6104.3
283,US.AZ,4,1744.5
284,US.AZ,5,602.1
286,US.AZ,7,22.8
287,US.AZ,8,4017.1
288,US.AZ,9,95.5
289,US.AZ,10,6399.8
290,US.AZ,11,11663.6
293,US.AZ,14,252.8
294,US.AZ,15,725.9
295,US.AZ,16,913.9
296,US.AZ,17,1739.6
297,US.AZ,18,819.2
298,US.AZ,19,9191.2
299,US.AZ,20,388.7
300,US.AZ,21,511.0
301,US.AZ,22,5028.0
302,US.AZ,23,393.6
303,US.AZ,24,1377.5
305,US.AZ,26,1875.0
306,US.AZ,27,143.8
307,US.AZ,28,23.5
308,US.AZ,29,202.9
309,US.AZ,30,505.6
310,US.AZ,31,152.6
311,US.AZ,32,908.5
312,US.AZ,33,637.9
313,US.AZ,34,17201.7
314,US.AZ,35,22067.1
316,US.AZ,37,3445.3
317,US.AZ,38,846.1
318,US.AZ,39,4.6
319,US.AZ,40,2059.3
320,US.AZ,41,694.3
321,US.AZ,42,96.4
322,US.AZ,43,1792.2
323,US.AZ,44,578.8
325,US.AZ,46,1753.5
326,US.AZ,47,276.4
327,US.AZ,48,5745.6
328,US.AZ,49,2113.1
331,US.AZ,52,9968.4
332,US.AZ,53,2158.4
333,US.AZ,54,8211.9
334,US.AZ,55,922.5
336,US.AZ,57,41074.1
337,US.AZ,58,4794.6
340,US.AZ,61,2544.5
341,US.AZ,62,3730.8
342,US.AZ,63,10678.1
343,US.AZ,64,3819.0
345,US.AZ,66,12597.6
346,US.AZ,67,771.1
348,US.AZ,69,3845.3
350,US.AZ,71,13509.1
351,US.AZ,72,7767.2
352,US.AZ,73,2091.3
353,US.AZ,74,1711.2
356,US.AZ,77,1737.6
357,US.AZ,78,1398.3
359,US.AZ,80,3058.1
360,US.AZ,81,7583.7
361,US.AZ,82,6064.8
363,US.AZ,84,7060.7
364,US.AZ,85,3575.0
365,US.AZ,86,28931.0
375,US.AR,4,2239.7
376,US.AR,5,584.0
378,US.AR,7,1222.4
379,US.AR,8,350.6
380,US.AR,9,406.1
381,US.AR,10,3218.3
382,US.AR,11,4225.7
385,US.AR,14,926.1
386,US.AR,15,375.6
387,US.AR,16,1203.6
388,US.AR,17,1802.9
389,US.AR,18,1219.1
390,US.AR,19,316.7
391,US.AR,20,560.7
392,US.AR,21,517.2
393,US.AR,22,1138.7
394,US.AR,23,232.4
395,US.AR,24,196.4
397,US.AR,26,3809.9
398,US.AR,27,61.6
399,US.AR,28,77.4
400,US.AR,29,1767.5
401,US.AR,30,297.7
402,US.AR,31,595.0
403,US.AR,32,1018.5
404,US.AR,33,1418.3
405,US.AR,34,9325.4
406,US.AR,35,8220.8
408,US.AR,37,86.6
409,US.AR,38,789.1
410,US.AR,39,2.9
411,US.AR,40,2810.9
412,US.AR,41,86.1
413,US.AR,42,117.3
414,US.AR,43,716.7
415,US.AR,44,389.7
417,US.AR,46,451.3
418,US.AR,47,81.3
419,US.AR,48,1747.0
420,US.AR,49,278.0
423,US.AR,52,2696.6
424,US.AR,53,505.0
425,US.AR,54,2326.7
426,US.AR,55,30.1
428,US.AR,57,11618.5
429,US.AR,58,1059.4
432,US.AR,61,718.6
433,US.AR,62,1020.3
434,US.AR,63,2450.9
435,US.AR,64,4742.2
437,US.AR,66,2730.6
438,US.AR,67,308.1
440,US.AR,69,766.1
442,US.AR,71,4669.0
443,US.AR,72,2912.1
444,US.AR,73,1084.6
445,US.AR,74,1125.0
448,US.AR,77,207.7
449,US.AR,78,298.0
451,US.AR,80,540.9
452,US.AR,81,2685.8
453,US.AR,82,2703.7
455,US.AR,84,2406.4
456,US.AR,85,900.8
457,US.AR,86,12341.8
467,US.CA,4,27044.5
468,US.CA,5,10952.1
470,US.CA,7,6878.3
471,US.CA,8,1054.1
472,US.CA,9,1156.9
473,US.CA,10,33253.7
474,US.CA,11,87926.4
477,US.CA,14,1863.5
478,US.CA,15,3984.6
479,US.CA,16,1815.2
480,US.CA,17,13490.5
481,US.CA,18,11939.3
482,US.CA,19,91529.6
483,US.CA,20,4502.6
484,US.CA,21,4171.7
485,US.CA,22,17332.2
486,US.CA,23,2552.3
487,US.CA,24,13188.3
489,US.CA,26,29372.9
490,US.CA,27,1197.7
491,US.CA,28,3123.3
492,US.CA,29,2894.8
493,US.CA,30,3514.6
494,US.CA,31,19756.5
495,US.CA,32,48669.0
496,US.CA,33,4946.7
497,US.CA,34,152035.6
498,US.CA,35,139247.4
500,US.CA,37,14721.7
501,US.CA,38,1728.4
502,US.CA,39,1518.4
503,US.CA,40,15611.5
504,US.CA,41,4808.2
505,US.CA,42,867.6
506,US.CA,43,15692.7
507,US.CA,44,6126.2
509,US.CA,46,49294.4
510,US.CA,47,44523.6
511,US.CA,48,67127.6
512,US.CA,49,58791.8
515,US.CA,52,61184.6
516,US.CA,53,24271.4
517,US.CA,54,39421.4
518,US.CA,55,1102.6
520,US.CA,57,397896.4
521,US.CA,58,26704.4
524,US.CA,61,33764.0
525,US.CA,62,54801.8
526,US.CA,63,140181.8
527,US.CA,64,37804.3
529,US.CA,66,64730.3
530,US.CA,67,5829.1
532,US.CA,69,28729.6
534,US.CA,71,81293.9
535,US.CA,72,43811.9
536,US.CA,73,13341.6
537,US.CA,74,18531.0
540,US.CA,77,24862.4
541,US.CA,78,10685.1
543,US.CA,80,17720.5
544,US.CA,81,56458.5
545,US.CA,82,50228.3
547,US.CA,84,40311.0
548,US.CA,85,28120.4
549,US.CA,86,237650.4
559,US.CO,4,2427.4
560,US.CO,5,353.6
562,US.CO,7,6815.1
563,US.CO,8,1371.7
564,US.CO,9,2355.7
565,US.CO,10,4057.0
566,US.CO,11,16443.2
569,US.CO,14,250.7
570,US.CO,15,1261.6
571,US.CO,16,316.0
572,US.CO,17,1485.4
573,US.CO,18,1329.1
574,US.CO,19,5437.0
575,US.CO,20,455.9
576,US.CO,21,107.7
577,US.CO,22,1639.3
578,US.CO,23,533.8
579,US.CO,24,1519.2
581,US.CO,26,3895.6
582,US.CO,27,201.8
583,US.CO,28,43.9
584,US.CO,29,106.1
585,US.CO,30,443.0
586,US.CO,31,1379.1
587,US.CO,32,2179.6
588,US.CO,33,726.0
589,US.CO,34,18697.4
590,US.CO,35,17083.8
592,US.CO,37,3477.1
593,US.CO,38,786.3
594,US.CO,39,19.8
595,US.CO,40,2094.5
596,US.CO,41,532.0
597,US.CO,42,3293.8
598,US.CO,43,1545.8
599,US.CO,44,433.4
601,US.CO,46,5198.7
602,US.CO,47,487.5
603,US.CO,48,9419.8
604,US.CO,49,3043.0
607,US.CO,52,6921.5
608,US.CO,53,3460.5
609,US.CO,54,6716.6
610,US.CO,55,342.9
612,US.CO,57,41463.6
613,US.CO,58,3348.0
616,US.CO,61,3231.1
617,US.CO,62,7710.5
618,US.CO,63,18909.5
619,US.CO,64,6880.8
621,US.CO,66,8764.6
622,US.CO,67,858.3
624,US.CO,69,2898.5
626,US.CO,71,11173.8
627,US.CO,72,5334.0
628,US.CO,73,1867.1
629,US.CO,74,1822.6
632,US.CO,77,2193.6
633,US.CO,78,3206.1
635,US.CO,80,3085.8
636,US.CO,81,7782.0
637,US.CO,82,7311.1
639,US.CO,84,8164.2
640,US.CO,85,4772.7
641,US.CO,86,26525.5
651,US.CT,4,301.5
652,US.CT,5,69.6
654,US.CT,7,0.0
655,US.CT,8,230.1
656,US.CT,9,6.1
657,US.CT,10,4741.3
658,US.CT,11,7404.9
661,US.CT,14,91.9
662,US.CT,15,250.8
663,US.CT,16,372.6
664,US.CT,17,3727.4
665,US.CT,18,1932.8
666,US.CT,19,2082.0
667,US.CT,20,1524.4
668,US.CT,21,485.9
669,US.CT,22,8263.6
670,US.CT,23,183.0
671,US.CT,24,2146.0
673,US.CT,26,1490.8
674,US.CT,27,179.6
675,US.CT,28,99.9
676,US.CT,29,422.7
677,US.CT,30,476.4
678,US.CT,31,225.4
679,US.CT,32,5382.6
680,US.CT,33,620.7
681,US.CT,34,15803.4
682,US.CT,35,13206.1
684,US.CT,37,449.1
685,US.CT,38,55.9
686,US.CT,39,470.1
687,US.CT,40,785.0
688,US.CT,41,975.3
689,US.CT,42,1030.6
690,US.CT,43,1136.3
691,US.CT,44,606.5
693,US.CT,46,2339.5
694,US.CT,47,1650.2
695,US.CT,48,8202.0
696,US.CT,49,1239.2
699,US.CT,52,5945.5
700,US.CT,53,8815.1
701,US.CT,54,22587.4
702,US.CT,55,284.4
704,US.CT,57,33713.0
705,US.CT,58,2450.7
708,US.CT,61,2796.2
709,US.CT,62,4138.3
710,US.CT,63,10754.6
711,US.CT,64,7045.7
713,US.CT,66,6261.6
714,US.CT,67,778.9
716,US.CT,69,5845.6
718,US.CT,71,9352.2
719,US.CT,72,5897.4
720,US.CT,73,3224.5
721,US.CT,74,1961.8
724,US.CT,77,1316.5
725,US.CT,78,1059.0
727,US.CT,80,1299.3
728,US.CT,81,4535.7
729,US.CT,82,4883.4
731,US.CT,84,2763.7
732,US.CT,85,2912.0
733,US.CT,86,21089.0
743,US.DE,4,450.1
744,US.DE,5,36.7
746,US.DE,7,0.0
747,US.DE,8,3.6
748,US.DE,9,0.0
749,US.DE,10,1042.3
750,US.DE,11,2371.3
753,US.DE,14,22.7
754,US.DE,15,49.1
755,US.DE,16,33.4
756,US.DE,17,129.8
757,US.DE,18,117.0
758,US.DE,19,618.7
759,US.DE,20,182.3
760,US.DE,21,8.9
761,US.DE,22,81.0
762,US.DE,23,36.4
763,US.DE,24,140.6
765,US.DE,26,881.4
766,US.DE,27,55.8
767,US.DE,28,1.8
768,US.DE,29,176.0
769,US.DE,30,39.0
770,US.DE,31,529.1
771,US.DE,32,1542.2
772,US.DE,33,269.0
773,US.DE,34,2167.2
774,US.DE,35,2622.9
776,US.DE,37,28.1
777,US.DE,38,127.5
778,US.DE,39,3.0
779,US.DE,40,258.0
780,US.DE,41,97.0
781,US.DE,42,4.6
782,US.DE,43,293.5
783,US.DE,44,278.4
785,US.DE,46,187.3
786,US.DE,47,22.9
787,US.DE,48,507.0
788,US.DE,49,391.7
791,US.DE,52,10626.3
792,US.DE,53,1046.3
793,US.DE,54,10981.4
794,US.DE,55,22.6
796,US.DE,57,7350.0
797,US.DE,58,3364.1
800,US.DE,61,1517.8
801,US.DE,62,623.3
802,US.DE,63,3068.3
803,US.DE,64,855.8
805,US.DE,66,1412.5
806,US.DE,67,137.8
808,US.DE,69,441.1
810,US.DE,71,1819.4
811,US.DE,72,2221.9
812,US.DE,73,561.7
813,US.DE,74,370.0
816,US.DE,77,89.6
817,US.DE,78,346.3
819,US.DE,80,242.2
820,US.DE,81,1149.7
821,US.DE,82,934.9
823,US.DE,84,738.8
824,US.DE,85,569.3
825,US.DE,86,5249.5
835,US.DC,4,0.0
836,US.DC,5,0.5
838,US.DC,7,0.0
839,US.DC,8,0.0
840,US.DC,9,0.0
841,US.DC,10,1224.9
842,US.DC,11,1449.8
845,US.DC,14,0.7
846,US.DC,15,36.9
847,US.DC,16,2.8
848,US.DC,17,8.4
849,US.DC,18,3.7
850,US.DC,19,35.4
851,US.DC,20,0.5
852,US.DC,21,0.0
853,US.DC,22,1.8
854,US.DC,23,12.7
855,US.DC,24,6.4
857,US.DC,26,33.0
858,US.DC,27,3.2
859,US.DC,28,2.6
860,US.DC,29,0.3
861,US.DC,30,32.4
862,US.DC,31,0.9
863,US.DC,32,67.2
864,US.DC,33,0.3
865,US.DC,34,1234.2
866,US.DC,35,1445.7
868,US.DC,37,64.4
869,US.DC,38,122.7
870,US.DC,39,10.0
871,US.DC,40,41.9
872,US.DC,41,145.2
873,US.DC,42,21.6
874,US.DC,43,118.1
875,US.DC,44,3.1
877,US.DC,46,1514.4
878,US.DC,47,232.2
879,US.DC,48,3440.0
880,US.DC,49,1157.9
883,US.DC,52,1973.0
884,US.DC,53,1066.2
885,US.DC,54,1772.4
886,US.DC,55,195.8
888,US.DC,57,10937.8
889,US.DC,58,187.9
892,US.DC,61,11470.7
893,US.DC,62,3115.5
894,US.DC,63,11601.0
895,US.DC,64,813.1
897,US.DC,66,3361.2
898,US.DC,67,30.6
900,US.DC,69,4489.1
902,US.DC,71,1629.2
903,US.DC,72,3112.6
904,US.DC,73,383.0
905,US.DC,74,761.5
908,US.DC,77,890.3
909,US.DC,78,133.2
911,US.DC,80,1864.9
912,US.DC,81,2504.6
913,US.DC,82,8718.3
915,US.DC,84,34469.9
916,US.DC,85,3649.2
917,US.DC,86,3246.5
927,US.FL,4,4802.4
928,US.FL,5,2128.6
930,US.FL,7,38.4
931,US.FL,8,923.1
932,US.FL,9,65.5
933,US.FL,10,17062.0
934,US.FL,11,39088.5
937,US.FL,14,823.4
938,US.FL,15,2687.6
939,US.FL,16,492.8
940,US.FL,17,3190.6
941,US.FL,18,2997.0
942,US.FL,19,7361.2
943,US.FL,20,1183.6
944,US.FL,21,559.0
945,US.FL,22,4193.2
946,US.FL,23,838.3
947,US.FL,24,3755.9
949,US.FL,26,6653.3
950,US.FL,27,321.0
951,US.FL,28,216.2
952,US.FL,29,1781.1
953,US.FL,30,1433.2
954,US.FL,31,1340.2
955,US.FL,32,7472.3
956,US.FL,33,1276.1
957,US.FL,34,65260.3
958,US.FL,35,65781.9
960,US.FL,37,9564.9
961,US.FL,38,958.9
962,US.FL,39,3535.3
963,US.FL,40,4911.3
964,US.FL,41,1547.5
965,US.FL,42,72.7
966,US.FL,43,7439.2
967,US.FL,44,2030.3
969,US.FL,46,6863.9
970,US.FL,47,1714.2
971,US.FL,48,22908.6
972,US.FL,49,5706.8
975,US.FL,52,16208.9
976,US.FL,53,7854.0
977,US.FL,54,27848.6
978,US.FL,55,515.8
980,US.FL,57,135726.3
981,US.FL,58,13724.8
984,US.FL,61,15363.4
985,US.FL,62,10026.0
986,US.FL,63,38932.9
987,US.FL,64,13811.9
989,US.FL,66,32879.3
990,US.FL,67,2204.2
992,US.FL,69,10015.8
994,US.FL,71,42037.0
995,US.FL,72,22686.3
996,US.FL,73,7823.7
997,US.FL,74,4429.0
1000,US.FL,77,6062.8
1001,US.FL,78,8759.8
1003,US.FL,80,14015.6
1004,US.FL,81,26688.1
1005,US.FL,82,24218.3
1007,US.FL,84,16799.8
1008,US.FL,85,10128.6
1009,US.FL,86,78013.2
1019,US.GA,4,3415.2
1020,US.GA,5,1029.9
1022,US.GA,7,0.0
1023,US.GA,8,815.1
1024,US.GA,9,47.9
1025,US.GA,10,9775.7
1026,US.GA,11,18893.2
1029,US.GA,14,1701.6
1030,US.GA,15,2270.3
1031,US.GA,16,760.3
1032,US.GA,17,2748.6
1033,US.GA,18,3562.3
1034,US.GA,19,2290.6
1035,US.GA,20,2631.8
1036,US.GA,21,2533.8
1037,US.GA,22,4833.1
1038,US.GA,23,885.0
1039,US.GA,24,1311.5
1041,US.GA,26,12347.0
1042,US.GA,27,4110.6
1043,US.GA,28,98.1
1044,US.GA,29,4357.9
1045,US.GA,30,1299.1
1046,US.GA,31,468.9
1047,US.GA,32,4599.7
1048,US.GA,33,2758.2
1049,US.GA,34,41470.2
1050,US.GA,35,29089.6
1052,US.GA,37,9538.9
1053,US.GA,38,1366.1
1054,US.GA,39,46.6
1055,US.GA,40,4659.0
1056,US.GA,41,505.8
1057,US.GA,42,361.7
1058,US.GA,43,3885.6
1059,US.GA,44,1925.7
1061,US.GA,46,6261.3
1062,US.GA,47,1507.8
1063,US.GA,48,26980.6
1064,US.GA,49,3465.5
1067,US.GA,52,25091.8
1068,US.GA,53,3395.8
1069,US.GA,54,12442.7
1070,US.GA,55,440.4
1072,US.GA,57,52639.1
1073,US.GA,58,8171.7
1076,US.GA,61,6138.8
1077,US.GA,62,8372.9
1078,US.GA,63,20997.7
1079,US.GA,64,9762.9
1081,US.GA,66,16932.4
1082,US.GA,67,824.8
1084,US.GA,69,5894.9
1086,US.GA,71,17341.1
1087,US.GA,72,11304.0
1088,US.GA,73,2280.1
1089,US.GA,74,2199.0
1092,US.GA,77,1593.6
1093,US.GA,78,1415.7
1095,US.GA,80,2873.5
1096,US.GA,81,11493.2
1097,US.GA,82,9847.2
1099,US.GA,84,12931.6
1100,US.GA,85,7887.4
1101,US.GA,86,42870.9
1111,US.HI,4,402.4
1112,US.HI,5,83.5
1114,US.HI,7,0.5
1115,US.HI,8,62.3
1116,US.HI,9,0.5
1117,US.HI,10,1864.2
1118,US.HI,11,4667.0
1121,US.HI,14,12.4
1122,US.HI,15,138.2
1123,US.HI,16,0.7
1124,US.HI,17,31.8
1125,US.HI,18,5.3
1126,US.HI,19,31.6
1127,US.HI,20,2.0
1128,US.HI,21,0.7
1129,US.HI,22,79.9
1130,US.HI,23,17.1
1131,US.HI,24,41.0
1133,US.HI,26,499.1
1134,US.HI,27,13.6
1135,US.HI,28,22.7
1136,US.HI,29,7.5
1137,US.HI,30,64.0
1138,US.HI,31,586.0
1139,US.HI,32,84.1
1140,US.HI,33,27.2
1141,US.HI,34,2690.5
1142,US.HI,35,5479.5
1144,US.HI,37,2608.4
1145,US.HI,38,0.0
1146,US.HI,39,290.4
1147,US.HI,40,298.8
1148,US.HI,41,267.5
1149,US.HI,42,0.0
1150,US.HI,43,728.4
1151,US.HI,44,38.8
1153,US.HI,46,212.7
1154,US.HI,47,229.8
1155,US.HI,48,1244.1
1156,US.HI,49,138.0
1159,US.HI,52,995.3
1160,US.HI,53,165.1
1161,US.HI,54,1685.8
1162,US.HI,55,13.5
1164,US.HI,57,14549.5
1165,US.HI,58,1441.0
1168,US.HI,61,699.9
1169,US.HI,62,613.3
1170,US.HI,63,2103.9
1171,US.HI,64,1022.7
1173,US.HI,66,2580.4
1174,US.HI,67,226.6
1176,US.HI,69,907.6
1178,US.HI,71,2746.2
1179,US.HI,72,1666.9
1180,US.HI,73,411.8
1181,US.HI,74,581.5
1184,US.HI,77,489.6
1185,US.HI,78,454.9
1187,US.HI,80,4506.3
1188,US.HI,81,2688.7
1189,US.HI,82,1839.2
1191,US.HI,84,4190.4
1192,US.HI,85,5525.3
1193,US.HI,86,7566.4
1203,US.ID,4,3089.3
1204,US.ID,5,528.4
1206,US.ID,7,15.6
1207,US.ID,8,480.5
1208,US.ID,9,47.8
1209,US.ID,10,1304.6
1210,US.ID,11,3813.5
1213,US.ID,14,578.3
1214,US.ID,15,117.6
1215,US.ID,16,190.8
1216,US.ID,17,415.8
1217,US.ID,18,271.2
1218,US.ID,19,2017.6
1219,US.ID,20,107.6
1220,US.ID,21,89.7
1221,US.ID,22,117.1
1222,US.ID,23,96.1
1223,US.ID,24,102.3
1225,US.ID,26,1929.6
1226,US.ID,27,21.9
1227,US.ID,28,37.0
1228,US.ID,29,263.8
1229,US.ID,30,155.8
1230,US.ID,31,47.1
1231,US.ID,32,312.9
1232,US.ID,33,217.0
1233,US.ID,34,4208.5
1234,US.ID,35,5338.6
1236,US.ID,37,176.9
1237,US.ID,38,380.3
1238,US.ID,39,6.7
1239,US.ID,40,928.2
1240,US.ID,41,90.5
1241,US.ID,42,11.1
1242,US.ID,43,274.6
1243,US.ID,44,86.4
1245,US.ID,46,298.4
1246,US.ID,47,43.5
1247,US.ID,48,748.0
1248,US.ID,49,398.8
1251,US.ID,52,1327.5
1252,US.ID,53,219.3
1253,US.ID,54,1224.5
1254,US.ID,55,77.6
1256,US.ID,57,8474.7
1257,US.ID,58,374.2
1260,US.ID,61,374.1
1261,US.ID,62,447.3
1262,US.ID,63,2833.2
1263,US.ID,64,588.3
1265,US.ID,66,1755.2
1266,US.ID,67,335.1
1268,US.ID,69,557.8
1270,US.ID,71,2337.1
1271,US.ID,72,2318.9
1272,US.ID,73,500.4
1273,US.ID,74,387.9
1276,US.ID,77,123.7
1277,US.ID,78,305.5
1279,US.ID,80,515.4
1280,US.ID,81,1379.0
1281,US.ID,82,1274.0
1283,US.ID,84,1765.2
1284,US.ID,85,537.5
1285,US.ID,86,6688.9
1295,US.IL,4,3970.9
1296,US.IL,5,415.9
1298,US.IL,7,133.3
1299,US.IL,8,1458.5
1300,US.IL,9,189.9
1301,US.IL,10,13200.1
1302,US.IL,11,27443.4
1305,US.IL,14,546.5
1306,US.IL,15,2018.0
1307,US.IL,16,2047.6
1308,US.IL,17,9946.3
1309,US.IL,18,15500.9
1310,US.IL,19,6063.5
1311,US.IL,20,4049.3
1312,US.IL,21,4185.6
1313,US.IL,22,779.3
1314,US.IL,23,1227.0
1315,US.IL,24,4343.8
1317,US.IL,26,13226.8
1318,US.IL,27,286.1
1319,US.IL,28,268.3
1320,US.IL,29,2214.9
1321,US.IL,30,2690.1
1322,US.IL,31,8594.5
1323,US.IL,32,17625.0
1324,US.IL,33,5615.7
1325,US.IL,34,63365.4
1326,US.IL,35,40450.9
1328,US.IL,37,8212.9
1329,US.IL,38,2936.4
1330,US.IL,39,394.0
1331,US.IL,40,8071.7
1332,US.IL,41,2260.0
1333,US.IL,42,762.5
1334,US.IL,43,5340.6
1335,US.IL,44,3221.2
1337,US.IL,46,6093.9
1338,US.IL,47,1308.1
1339,US.IL,48,13405.2
1340,US.IL,49,6816.5
1343,US.IL,52,26993.7
1344,US.IL,53,13598.7
1345,US.IL,54,38948.2
1346,US.IL,55,550.2
1348,US.IL,57,88539.6
1349,US.IL,58,11477.3
1352,US.IL,61,15024.2
1353,US.IL,62,11621.2
1354,US.IL,63,38336.2
1355,US.IL,64,16342.0
1357,US.IL,66,23513.2
1358,US.IL,67,2019.1
1360,US.IL,69,12215.3
1362,US.IL,71,23093.0
1363,US.IL,72,21724.4
1364,US.IL,73,6047.6
1365,US.IL,74,4338.6
1368,US.IL,77,4449.9
1369,US.IL,78,4585.5
1371,US.IL,80,6764.3
1372,US.IL,81,16874.6
1373,US.IL,82,18297.2
1375,US.IL,84,11680.4
1376,US.IL,85,3079.8
1377,US.IL,86,64531.6
1387,US.IN,4,3247.2
1388,US.IN,5,459.1
1390,US.IN,7,38.0
1391,US.IN,8,1349.1
1392,US.IN,9,46.4
1393,US.IN,10,6614.4
1394,US.IN,11,11855.1
1397,US.IN,14,942.8
1398,US.IN,15,1725.9
1399,US.IN,16,9039.5
1400,US.IN,17,6553.5
1401,US.IN,18,5996.7
1402,US.IN,19,2446.0
1403,US.IN,20,973.6
1404,US.IN,21,17220.7
1405,US.IN,22,2017.4
1406,US.IN,23,1760.7
1407,US.IN,24,4324.0
1409,US.IN,26,6563.3
1410,US.IN,27,220.7
1411,US.IN,28,110.0
1412,US.IN,29,1036.7
1413,US.IN,30,1248.4
1414,US.IN,31,4303.4
1415,US.IN,32,20138.9
1416,US.IN,33,3566.1
1417,US.IN,34,19449.3
1418,US.IN,35,18454.4
1420,US.IN,37,551.5
1421,US.IN,38,1400.7
1422,US.IN,39,242.7
1423,US.IN,40,5111.5
1424,US.IN,41,397.3
1425,US.IN,42,214.8
1426,US.IN,43,1755.1
1427,US.IN,44,1672.6
1429,US.IN,46,1459.3
1430,US.IN,47,284.0
1431,US.IN,48,3853.2
1432,US.IN,49,929.4
1435,US.IN,52,4116.8
1436,US.IN,53,1294.4
1437,US.IN,54,13862.6
1438,US.IN,55,221.2
1440,US.IN,57,29708.9
1441,US.IN,58,2183.1
1444,US.IN,61,2302.9
1445,US.IN,62,2924.0
1446,US.IN,63,8560.4
1447,US.IN,64,4245.2
1449,US.IN,66,8268.8
1450,US.IN,67,1059.5
1452,US.IN,69,3645.2
1454,US.IN,71,12971.1
1455,US.IN,72,8815.2
1456,US.IN,73,3088.7
1457,US.IN,74,1802.2
1460,US.IN,77,1640.0
1461,US.IN,78,2075.6
1463,US.IN,80,1576.5
1464,US.IN,81,6923.6
1465,US.IN,82,7421.7
1467,US.IN,84,4474.2
1468,US.IN,85,1194.8
1469,US.IN,86,25577.7
1479,US.IA,4,8663.9
1480,US.IA,5,498.8
1482,US.IA,7,0.0
1483,US.IA,8,283.0
1484,US.IA,9,5.3
1485,US.IA,10,2960.8
1486,US.IA,11,7340.4
1489,US.IA,14,727.6
1490,US.IA,15,1116.4
1491,US.IA,16,1076.9
1492,US.IA,17,1972.2
1493,US.IA,18,8133.3
1494,US.IA,19,2010.3
1495,US.IA,20,878.1
1496,US.IA,21,1091.7
1497,US.IA,22,344.6
1498,US.IA,23,823.3
1499,US.IA,24,375.2
1501,US.IA,26,7450.7
1502,US.IA,27,54.5
1503,US.IA,28,48.2
1504,US.IA,29,854.9
1505,US.IA,30,508.1
1506,US.IA,31,256.9
1507,US.IA,32,5448.2
1508,US.IA,33,1152.5
1509,US.IA,34,10787.0
1510,US.IA,35,9041.0
1512,US.IA,37,100.9
1513,US.IA,38,1108.0
1514,US.IA,39,19.2
1515,US.IA,40,2934.6
1516,US.IA,41,147.3
1517,US.IA,42,90.0
1518,US.IA,43,598.5
1519,US.IA,44,773.5
1521,US.IA,46,1318.7
1522,US.IA,47,156.6
1523,US.IA,48,2132.4
1524,US.IA,49,1038.2
1527,US.IA,52,6095.4
1528,US.IA,53,575.9
1529,US.IA,54,17655.1
1530,US.IA,55,86.7
1532,US.IA,57,16168.4
1533,US.IA,58,1341.9
1536,US.IA,61,1023.7
1537,US.IA,62,1144.5
1538,US.IA,63,3425.5
1539,US.IA,64,2157.7
1541,US.IA,66,3128.8
1542,US.IA,67,322.0
1544,US.IA,69,1657.7
1546,US.IA,71,5354.6
1547,US.IA,72,2989.8
1548,US.IA,73,2006.8
1549,US.IA,74,1041.1
1552,US.IA,77,405.6
1553,US.IA,78,693.5
1555,US.IA,80,1298.8
1556,US.IA,81,2699.3
1557,US.IA,82,3554.5
1559,US.IA,84,1904.5
1560,US.IA,85,883.0
1561,US.IA,86,17523.0
1571,US.KS,4,3819.9
1572,US.KS,5,351.6
1574,US.KS,7,741.1
1575,US.KS,8,134.7
1576,US.KS,9,336.1
1577,US.KS,10,2820.5
1578,US.KS,11,5694.8
1581,US.KS,14,169.2
1582,US.KS,15,632.6
1583,US.KS,16,140.9
1584,US.KS,17,1344.3
1585,US.KS,18,1932.2
1586,US.KS,19,670.2
1587,US.KS,20,444.9
1588,US.KS,21,1219.5
1589,US.KS,22,5583.8
1590,US.KS,23,233.8
1591,US.KS,24,307.5
1593,US.KS,26,4264.6
1594,US.KS,27,49.5
1595,US.KS,28,46.3
1596,US.KS,29,241.0
1597,US.KS,30,858.5
1598,US.KS,31,2646.8
1599,US.KS,32,1799.5
1600,US.KS,33,1010.2
1601,US.KS,34,10545.9
1602,US.KS,35,9464.5
1604,US.KS,37,71.9
1605,US.KS,38,1723.9
1606,US.KS,39,0.1
1607,US.KS,40,1757.2
1608,US.KS,41,175.3
1609,US.KS,42,732.9
1610,US.KS,43,976.1
1611,US.KS,44,525.6
1613,US.KS,46,915.6
1614,US.KS,47,127.6
1615,US.KS,48,3709.3
1616,US.KS,49,462.0
1619,US.KS,52,2599.5
1620,US.KS,53,1009.2
1621,US.KS,54,4947.3
1622,US.KS,55,56.7
1624,US.KS,57,13602.6
1625,US.KS,58,4697.8
1628,US.KS,61,890.0
1629,US.KS,62,2128.6
1630,US.KS,63,5502.8
1631,US.KS,64,3875.7
1633,US.KS,66,4348.1
1634,US.KS,67,313.3
1636,US.KS,69,1108.3
1638,US.KS,71,5250.9
1639,US.KS,72,3810.1
1640,US.KS,73,1485.1
1641,US.KS,74,931.2
1644,US.KS,77,169.2
1645,US.KS,78,735.4
1647,US.KS,80,680.3
1648,US.KS,81,3294.2
1649,US.KS,82,3331.3
1651,US.KS,84,2583.8
1652,US.KS,85,3039.7
1653,US.KS,86,14942.5
1663,US.KY,4,2475.3
1664,US.KY,5,462.6
1666,US.KY,7,174.4
1667,US.KY,8,2344.2
1668,US.KY,9,261.6
1669,US.KY,10,3492.1
1670,US.KY,11,7777.3
1673,US.KY,14,654.8
1674,US.KY,15,893.9
1675,US.KY,16,2645.4
1676,US.KY,17,2108.4
1677,US.KY,18,2126.0
1678,US.KY,19,1265.9
1679,US.KY,20,1607.0
1680,US.KY,21,8129.6
1681,US.KY,22,533.9
1682,US.KY,23,307.0
1683,US.KY,24,336.4
1685,US.KY,26,7095.4
1686,US.KY,27,184.9
1687,US.KY,28,58.3
1688,US.KY,29,1477.1
1689,US.KY,30,773.9
1690,US.KY,31,1740.9
1691,US.KY,32,2034.4
1692,US.KY,33,1667.4
1693,US.KY,34,13641.6
1694,US.KY,35,10991.5
1696,US.KY,37,447.9
1697,US.KY,38,744.6
1698,US.KY,39,793.4
1699,US.KY,40,2088.1
1700,US.KY,41,183.9
1701,US.KY,42,206.5
1702,US.KY,43,3011.3
1703,US.KY,44,1315.3
1705,US.KY,46,588.5
1706,US.KY,47,117.0
1707,US.KY,48,3104.0
1708,US.KY,49,812.8
1711,US.KY,52,3622.3
1712,US.KY,53,950.1
1713,US.KY,54,5914.9
1714,US.KY,55,74.5
1716,US.KY,57,17821.1
1717,US.KY,58,1340.2
1720,US.KY,61,1519.8
1721,US.KY,62,1413.3
1722,US.KY,63,4891.6
1723,US.KY,64,2593.1
1725,US.KY,66,5121.6
1726,US.KY,67,498.9
1728,US.KY,69,1366.4
1730,US.KY,71,7403.8
1731,US.KY,72,5979.6
1732,US.KY,73,1710.8
1733,US.KY,74,1082.2
1736,US.KY,77,530.5
1737,US.KY,78,435.9
1739,US.KY,80,1298.9
1740,US.KY,81,4882.3
1741,US.KY,82,4056.2
1743,US.KY,84,4493.6
1744,US.KY,85,4193.5
1745,US.KY,86,18949.6
1755,US.LA,4,1098.8
1756,US.LA,5,554.8
1758,US.LA,7,5373.6
1759,US.LA,8,462.5
1760,US.LA,9,4274.4
1761,US.LA,10,4833.5
1762,US.LA,11,11921.9
1765,US.LA,14,653.9
1766,US.LA,15,705.7
1767,US.LA,16,507.0
1768,US.LA,17,1937.0
1769,US.LA,18,1956.6
1770,US.LA,19,237.8
1771,US.LA,20,169.4
1772,US.LA,21,72.0
1773,US.LA,22,1465.3
1774,US.LA,23,69.8
1775,US.LA,24,294.3
1777,US.LA,26,2383.2
1778,US.LA,27,83.7
1779,US.LA,28,25.7
1780,US.LA,29,2074.7
1781,US.LA,30,218.6
1782,US.LA,31,19771.7
1783,US.LA,32,12471.9
1784,US.LA,33,463.9
1785,US.LA,34,12212.0
1786,US.LA,35,14708.8
1788,US.LA,37,713.8
1789,US.LA,38,690.0
1790,US.LA,39,2007.5
1791,US.LA,40,1823.0
1792,US.LA,41,360.4
1793,US.LA,42,722.7
1794,US.LA,43,2656.2
1795,US.LA,44,859.4
1797,US.LA,46,467.7
1798,US.LA,47,1572.7
1799,US.LA,48,2854.5
1800,US.LA,49,367.1
1803,US.LA,52,3603.8
1804,US.LA,53,622.3
1805,US.LA,54,4689.6
1806,US.LA,55,136.8
1808,US.LA,57,19554.5
1809,US.LA,58,4680.5
1812,US.LA,61,3231.8
1813,US.LA,62,871.8
1814,US.LA,63,7619.2
1815,US.LA,64,2593.9
1817,US.LA,66,5216.2
1818,US.LA,67,1030.4
1820,US.LA,69,2302.8
1822,US.LA,71,8463.1
1823,US.LA,72,6059.3
1824,US.LA,73,1512.3
1825,US.LA,74,1239.7
1828,US.LA,77,1118.1
1829,US.LA,78,1093.3
1831,US.LA,80,3123.6
1832,US.LA,81,5410.7
1833,US.LA,82,5009.3
1835,US.LA,84,3546.7
1836,US.LA,85,2475.6
1837,US.LA,86,20448.7
1847,US.ME,4,379.6
1848,US.ME,5,528.4
1850,US.ME,7,0.0
1851,US.ME,8,26.6
1852,US.ME,9,0.0
1853,US.ME,10,960.7
1854,US.ME,11,2055.1
1857,US.ME,14,313.8
1858,US.ME,15,116.6
1859,US.ME,16,24.7
1860,US.ME,17,533.0
1861,US.ME,18,206.4
1862,US.ME,19,457.4
1863,US.ME,20,37.7
1864,US.ME,21,33.7
1865,US.ME,22,909.9
1866,US.ME,23,95.8
1867,US.ME,24,135.6
1869,US.ME,26,743.8
1870,US.ME,27,105.5
1871,US.ME,28,108.9
1872,US.ME,29,761.8
1873,US.ME,30,104.1
1874,US.ME,31,137.5
1875,US.ME,32,380.3
1876,US.ME,33,234.2
1877,US.ME,34,3312.7
1878,US.ME,35,4738.3
1880,US.ME,37,91.8
1881,US.ME,38,61.4
1882,US.ME,39,9.6
1883,US.ME,40,527.4
1884,US.ME,41,118.0
1885,US.ME,42,23.0
1886,US.ME,43,260.6
1887,US.ME,44,231.3
1889,US.ME,46,308.2
1890,US.ME,47,45.2
1891,US.ME,48,600.8
1892,US.ME,49,157.2
1895,US.ME,52,1221.0
1896,US.ME,53,235.2
1897,US.ME,54,2055.0
1898,US.ME,55,3.0
1900,US.ME,57,7872.8
1901,US.ME,58,478.2
1904,US.ME,61,558.2
1905,US.ME,62,575.0
1906,US.ME,63,1951.6
1907,US.ME,64,969.8
1909,US.ME,66,1558.2
1910,US.ME,67,192.4
1912,US.ME,69,951.9
1914,US.ME,71,2310.0
1915,US.ME,72,3030.1
1916,US.ME,73,900.2
1917,US.ME,74,626.6
1920,US.ME,77,268.2
1921,US.ME,78,313.6
1923,US.ME,80,806.9
1924,US.ME,81,1572.8
1925,US.ME,82,1276.0
1927,US.ME,84,1789.0
1928,US.ME,85,566.3
1929,US.ME,86,5601.5
1939,US.MD,4,817.0
1940,US.MD,5,132.4
1942,US.MD,7,2.0
1943,US.MD,8,234.3
1944,US.MD,9,48.8
1945,US.MD,10,6734.7
1946,US.MD,11,15846.1
1949,US.MD,14,200.9
1950,US.MD,15,651.2
1951,US.MD,16,92.6
1952,US.MD,17,806.7
1953,US.MD,18,833.5
1954,US.MD,19,4286.9
1955,US.MD,20,215.0
1956,US.MD,21,164.5
1957,US.MD,22,678.8
1958,US.MD,23,324.4
1959,US.MD,24,747.7
1961,US.MD,26,2886.2
1962,US.MD,27,118.5
1963,US.MD,28,105.9
1964,US.MD,29,267.0
1965,US.MD,30,615.6
1966,US.MD,31,448.5
1967,US.MD,32,5622.0
1968,US.MD,33,966.6
1969,US.MD,34,16861.4
1970,US.MD,35,18701.8
1972,US.MD,37,1516.8
1973,US.MD,38,435.9
1974,US.MD,39,225.8
1975,US.MD,40,1553.6
1976,US.MD,41,1059.1
1977,US.MD,42,35.4
1978,US.MD,43,1957.5
1979,US.MD,44,1237.3
1981,US.MD,46,2310.5
1982,US.MD,47,517.9
1983,US.MD,48,10912.4
1984,US.MD,49,1433.7
1987,US.MD,52,4648.7
1988,US.MD,53,3920.7
1989,US.MD,54,9148.4
1990,US.MD,55,1210.8
1992,US.MD,57,55311.9
1993,US.MD,58,8847.7
1996,US.MD,61,3889.8
1997,US.MD,62,10471.9
1998,US.MD,63,22501.8
1999,US.MD,64,3890.1
2001,US.MD,66,10111.0
2002,US.MD,67,1014.3
2004,US.MD,69,5974.5
2006,US.MD,71,13399.8
2007,US.MD,72,9254.1
2008,US.MD,73,3292.1
2009,US.MD,74,2043.5
2012,US.MD,77,1860.7
2013,US.MD,78,2459.7
2015,US.MD,80,2218.1
2016,US.MD,81,7708.1
2017,US.MD,82,8540.3
2019,US.MD,84,36480.8
2020,US.MD,85,9489.2
2021,US.MD,86,30473.3
2031,US.MA,4,216.4
2032,US.MA,5,523.9
2034,US.MA,7,2.5
2035,US.MA,8,248.2
2036,US.MA,9,14.6
2037,US.MA,10,6247.5
2038,US.MA,11,17162.5
2041,US.MA,14,181.4
2042,US.MA,15,847.5
2043,US.MA,16,343.8
2044,US.MA,17,5147.2
2045,US.MA,18,2092.5
2046,US.MA,19,15968.0
2047,US.MA,20,1521.9
2048,US.MA,21,228.5
2049,US.MA,22,1635.1
2050,US.MA,23,351.1
2051,US.MA,24,4503.9
2053,US.MA,26,3056.7
2054,US.MA,27,423.7
2055,US.MA,28,320.8
2056,US.MA,29,860.6
2057,US.MA,30,1377.0
2058,US.MA,31,366.6
2059,US.MA,32,10514.7
2060,US.MA,33,1499.4
2061,US.MA,34,26045.8
2062,US.MA,35,19961.4
2064,US.MA,37,2021.9
2065,US.MA,38,378.9
2066,US.MA,39,182.6
2067,US.MA,40,1715.4
2068,US.MA,41,1962.5
2069,US.MA,42,40.5
2070,US.MA,43,1547.9
2071,US.MA,44,769.1
2073,US.MA,46,14574.1
2074,US.MA,47,514.4
2075,US.MA,48,6616.9
2076,US.MA,49,5369.8
2079,US.MA,52,14203.2
2080,US.MA,53,13320.4
2081,US.MA,54,16833.6
2082,US.MA,55,2432.3
2084,US.MA,57,65825.2
2085,US.MA,58,3751.5
2088,US.MA,61,7202.0
2089,US.MA,62,13993.4
2090,US.MA,63,38296.3
2091,US.MA,64,12048.3
2093,US.MA,66,11620.6
2094,US.MA,67,1516.8
2096,US.MA,69,15372.6
2098,US.MA,71,18575.0
2099,US.MA,72,19595.9
2100,US.MA,73,4776.9
2101,US.MA,74,4660.0
2104,US.MA,77,3896.9
2105,US.MA,78,2499.4
2107,US.MA,80,3784.0
2108,US.MA,81,10355.5
2109,US.MA,82,9424.8
2111,US.MA,84,8176.4
2112,US.MA,85,6732.6
2113,US.MA,86,36927.3
2123,US.MI,4,2690.2
2124,US.MI,5,517.8
2126,US.MI,7,126.8
2127,US.MI,8,1491.3
2128,US.MI,9,164.1
2129,US.MI,10,9104.5
2130,US.MI,11,17490.5
2133,US.MI,14,755.5
2134,US.MI,15,1759.8
2135,US.MI,16,3310.6
2136,US.MI,17,7775.7
2137,US.MI,18,8864.3
2138,US.MI,19,2059.5
2139,US.MI,20,2689.7
2140,US.MI,21,37594.0
2141,US.MI,22,1028.5
2142,US.MI,23,2382.9
2143,US.MI,24,2705.7
2145,US.MI,26,5339.5
2146,US.MI,27,255.1
2147,US.MI,28,253.9
2148,US.MI,29,1388.1
2149,US.MI,30,1223.8
2150,US.MI,31,1627.9
2151,US.MI,32,6169.9
2152,US.MI,33,4065.1
2153,US.MI,34,32102.1
2154,US.MI,35,27733.8
2156,US.MI,37,3122.6
2157,US.MI,38,470.8
2158,US.MI,39,111.2
2159,US.MI,40,4285.4
2160,US.MI,41,496.1
2161,US.MI,42,261.7
2162,US.MI,43,2065.1
2163,US.MI,44,1131.7
2165,US.MI,46,3590.0
2166,US.MI,47,581.4
2167,US.MI,48,6078.3
2168,US.MI,49,2344.4
2171,US.MI,52,8066.0
2172,US.MI,53,2091.1
2173,US.MI,54,15809.7
2174,US.MI,55,350.2
2176,US.MI,57,48495.6
2177,US.MI,58,6747.0
2180,US.MI,61,4511.0
2181,US.MI,62,6082.2
2182,US.MI,63,26242.7
2183,US.MI,64,9124.5
2185,US.MI,66,14326.5
2186,US.MI,67,1291.1
2188,US.MI,69,4154.6
2190,US.MI,71,17255.3
2191,US.MI,72,16716.9
2192,US.MI,73,3863.0
2193,US.MI,74,2270.0
2196,US.MI,77,1905.1
2197,US.MI,78,1375.6
2199,US.MI,80,3804.5
2200,US.MI,81,9280.0
2201,US.MI,82,10778.3
2203,US.MI,84,7248.5
2204,US.MI,85,1691.3
2205,US.MI,86,42459.9
2215,US.MN,4,5861.3
2216,US.MN,5,398.6
2218,US.MN,7,40.4
2219,US.MN,8,698.1
2220,US.MN,9,11.9
2221,US.MN,10,5152.0
2222,US.MN,11,12749.0
2225,US.MN,14,1069.3
2226,US.MN,15,1047.7
2227,US.MN,16,639.4
2228,US.MN,17,4157.9
2229,US.MN,18,4235.4
2230,US.MN,19,9866.8
2231,US.MN,20,1439.1
2232,US.MN,21,822.1
2233,US.MN,22,1942.2
2234,US.MN,23,868.2
2235,US.MN,24,4746.7
2237,US.MN,26,5715.1
2238,US.MN,27,351.4
2239,US.MN,28,140.2
2240,US.MN,29,1583.9
2241,US.MN,30,2177.9
2242,US.MN,31,3384.7
2243,US.MN,32,2528.3
2244,US.MN,33,1636.0
2245,US.MN,34,25729.7
2246,US.MN,35,17701.2
2248,US.MN,37,2861.5
2249,US.MN,38,1267.0
2250,US.MN,39,297.6
2251,US.MN,40,2915.6
2252,US.MN,41,834.8
2253,US.MN,42,298.4
2254,US.MN,43,1337.6
2255,US.MN,44,490.2
2257,US.MN,46,4507.3
2258,US.MN,47,305.0
2259,US.MN,48,5173.4
2260,US.MN,49,2356.1
2263,US.MN,52,10061.0
2264,US.MN,53,3465.1
2265,US.MN,54,14374.2
2266,US.MN,55,404.6
2268,US.MN,57,36743.2
2269,US.MN,58,1825.3
2272,US.MN,61,3608.5
2273,US.MN,62,5356.5
2274,US.MN,63,12714.7
2275,US.MN,64,12432.4
2277,US.MN,66,7135.0
2278,US.MN,67,768.2
2280,US.MN,69,3528.0
2282,US.MN,71,13862.2
2283,US.MN,72,9383.0
2284,US.MN,73,4042.8
2285,US.MN,74,2801.6
2288,US.MN,77,1799.9
2289,US.MN,78,1172.1
2291,US.MN,80,1715.7
2292,US.MN,81,6199.8
2293,US.MN,82,7021.4
2295,US.MN,84,3747.7
2296,US.MN,85,1407.3
2297,US.MN,86,28157.0
2307,US.MS,4,1668.3
2308,US.MS,5,544.2
2310,US.MS,7,487.6
2311,US.MS,8,112.8
2312,US.MS,9,306.8
2313,US.MS,10,3200.4
2314,US.MS,11,4176.8
2317,US.MS,14,906.2
2318,US.MS,15,353.3
2319,US.MS,16,553.6
2320,US.MS,17,772.5
2321,US.MS,18,1400.0
2322,US.MS,19,139.8
2323,US.MS,20,840.7
2324,US.MS,21,1951.4
2325,US.MS,22,1328.7
2326,US.MS,23,1080.9
2327,US.MS,24,192.4
2329,US.MS,26,1730.4
2330,US.MS,27,314.6
2331,US.MS,28,72.0
2332,US.MS,29,714.2
2333,US.MS,30,202.2
2334,US.MS,31,1800.4
2335,US.MS,32,1188.0
2336,US.MS,33,1004.1
2337,US.MS,34,5633.0
2338,US.MS,35,8179.1
2340,US.MS,37,78.4
2341,US.MS,38,391.9
2342,US.MS,39,221.8
2343,US.MS,40,1451.5
2344,US.MS,41,67.6
2345,US.MS,42,193.7
2346,US.MS,43,611.6
2347,US.MS,44,584.2
2349,US.MS,46,261.2
2350,US.MS,47,72.5
2351,US.MS,48,1858.6
2352,US.MS,49,259.8
2355,US.MS,52,2683.9
2356,US.MS,53,173.9
2357,US.MS,54,2172.1
2358,US.MS,55,53.3
2360,US.MS,57,9870.5
2361,US.MS,58,1119.7
2364,US.MS,61,963.3
2365,US.MS,62,425.0
2366,US.MS,63,2112.4
2367,US.MS,64,1221.6
2369,US.MS,66,2610.4
2370,US.MS,67,248.2
2372,US.MS,69,864.7
2374,US.MS,71,4365.6
2375,US.MS,72,2080.8
2376,US.MS,73,898.1
2377,US.MS,74,684.2
2380,US.MS,77,113.4
2381,US.MS,78,504.9
2383,US.MS,80,1534.3
2384,US.MS,81,2599.8
2385,US.MS,82,2533.9
2387,US.MS,84,3333.6
2388,US.MS,85,1883.3
2389,US.MS,86,13470.1
2399,US.MO,4,2811.4
2400,US.MO,5,374.0
2402,US.MO,7,2.5
2403,US.MO,8,670.6
2404,US.MO,9,30.3
2405,US.MO,10,5288.3
2406,US.MO,11,9855.2
2409,US.MO,14,561.9
2410,US.MO,15,828.7
2411,US.MO,16,780.0
2412,US.MO,17,2642.1
2413,US.MO,18,2569.8
2414,US.MO,19,2142.0
2415,US.MO,20,1847.0
2416,US.MO,21,4364.9
2417,US.MO,22,3792.1
2418,US.MO,23,449.2
2419,US.MO,24,1024.7
2421,US.MO,26,7541.7
2422,US.MO,27,131.6
2423,US.MO,28,158.4
2424,US.MO,29,1331.8
2425,US.MO,30,1228.1
2426,US.MO,31,494.6
2427,US.MO,32,5899.4
2428,US.MO,33,1468.4
2429,US.MO,34,20039.7
2430,US.MO,35,17459.7
2432,US.MO,37,1109.2
2433,US.MO,38,1918.3
2434,US.MO,39,141.9
2435,US.MO,40,3796.1
2436,US.MO,41,507.0
2437,US.MO,42,72.0
2438,US.MO,43,1662.5
2439,US.MO,44,940.1
2441,US.MO,46,1724.7
2442,US.MO,47,299.6
2443,US.MO,48,6628.7
2444,US.MO,49,2954.1
2447,US.MO,52,9752.0
2448,US.MO,53,2793.7
2449,US.MO,54,9197.2
2450,US.MO,55,85.7
2452,US.MO,57,27938.1
2453,US.MO,58,5473.8
2456,US.MO,61,4022.9
2457,US.MO,62,4792.6
2458,US.MO,63,10838.4
2459,US.MO,64,8912.6
2461,US.MO,66,7865.1
2462,US.MO,67,649.2
2464,US.MO,69,3949.2
2466,US.MO,71,10520.3
2467,US.MO,72,10211.9
2468,US.MO,73,2742.4
2469,US.MO,74,2162.5
2472,US.MO,77,2499.2
2473,US.MO,78,1311.6
2475,US.MO,80,1772.6
2476,US.MO,81,6512.8
2477,US.MO,82,6835.6
2479,US.MO,84,6936.8
2480,US.MO,85,2583.6
2481,US.MO,86,26036.2
2491,US.MT,4,1751.5
2492,US.MT,5,253.4
2494,US.MT,7,350.1
2495,US.MT,8,1304.0
2496,US.MT,9,306.3
2497,US.MT,10,1096.5
2498,US.MT,11,2548.6
2501,US.MT,14,329.7
2502,US.MT,15,184.2
2503,US.MT,16,17.7
2504,US.MT,17,160.6
2505,US.MT,18,125.2
2506,US.MT,19,52.7
2507,US.MT,20,17.1
2508,US.MT,21,24.3
2509,US.MT,22,15.9
2510,US.MT,23,34.4
2511,US.MT,24,121.3
2513,US.MT,26,376.5
2514,US.MT,27,7.9
2515,US.MT,28,4.6
2516,US.MT,29,2.3
2517,US.MT,30,69.7
2518,US.MT,31,1677.4
2519,US.MT,32,113.5
2520,US.MT,33,27.0
2521,US.MT,34,2637.7
2522,US.MT,35,2884.6
2524,US.MT,37,142.8
2525,US.MT,38,974.4
2526,US.MT,39,2.7
2527,US.MT,40,593.2
2528,US.MT,41,66.0
2529,US.MT,42,92.8
2530,US.MT,43,258.9
2531,US.MT,44,16.2
2533,US.MT,46,196.9
2534,US.MT,47,78.4
2535,US.MT,48,676.5
2536,US.MT,49,119.6
2539,US.MT,52,1188.2
2540,US.MT,53,182.5
2541,US.MT,54,768.9
2542,US.MT,55,2.7
2544,US.MT,57,5475.2
2545,US.MT,58,748.0
2548,US.MT,61,398.5
2549,US.MT,62,374.1
2550,US.MT,63,1429.4
2551,US.MT,64,217.7
2553,US.MT,66,843.8
2554,US.MT,67,120.9
2556,US.MT,69,246.3
2558,US.MT,71,1674.2
2559,US.MT,72,2005.0
2560,US.MT,73,461.9
2561,US.MT,74,267.8
2564,US.MT,77,143.1
2565,US.MT,78,419.0
2567,US.MT,80,691.2
2568,US.MT,81,1063.4
2569,US.MT,82,989.0
2571,US.MT,84,1574.9
2572,US.MT,85,480.5
2573,US.MT,86,4789.8
2583,US.NE,4,7664.4
2584,US.NE,5,320.3
2586,US.NE,7,8.0
2587,US.NE,8,193.1
2588,US.NE,9,15.0
2589,US.NE,10,2611.8
2590,US.NE,11,3353.8
2593,US.NE,14,136.4
2594,US.NE,15,288.4
2595,US.NE,16,189.2
2596,US.NE,17,782.1
2597,US.NE,18,1426.4
2598,US.NE,19,470.0
2599,US.NE,20,265.2
2600,US.NE,21,590.8
2601,US.NE,22,104.1
2602,US.NE,23,96.2
2603,US.NE,24,1137.0
2605,US.NE,26,3876.5
2606,US.NE,27,42.5
2607,US.NE,28,40.6
2608,US.NE,29,149.7
2609,US.NE,30,239.1
2610,US.NE,31,11.2
2611,US.NE,32,2139.2
2612,US.NE,33,562.2
2613,US.NE,34,7757.6
2614,US.NE,35,6071.4
2616,US.NE,37,169.5
2617,US.NE,38,4095.1
2618,US.NE,39,0.0
2619,US.NE,40,2483.3
2620,US.NE,41,89.9
2621,US.NE,42,2124.6
2622,US.NE,43,540.7
2623,US.NE,44,288.9
2625,US.NE,46,652.0
2626,US.NE,47,45.5
2627,US.NE,48,1425.8
2628,US.NE,49,1248.6
2631,US.NE,52,2606.7
2632,US.NE,53,612.9
2633,US.NE,54,8365.9
2634,US.NE,55,41.1
2636,US.NE,57,10366.7
2637,US.NE,58,716.9
2640,US.NE,61,863.8
2641,US.NE,62,1284.7
2642,US.NE,63,2635.7
2643,US.NE,64,2993.1
2645,US.NE,66,2591.3
2646,US.NE,67,245.9
2648,US.NE,69,941.0
2650,US.NE,71,3665.7
2651,US.NE,72,2541.3
2652,US.NE,73,1216.2
2653,US.NE,74,673.2
2656,US.NE,77,261.1
2657,US.NE,78,329.1
2659,US.NE,80,449.7
2660,US.NE,81,2023.1
2661,US.NE,82,2290.4
2663,US.NE,84,1680.1
2664,US.NE,85,927.4
2665,US.NE,86,11634.6
2675,US.NV,4,271.9
2676,US.NV,5,39.2
2678,US.NV,7,2.2
2679,US.NV,8,2469.2
2680,US.NV,9,227.3
2681,US.NV,10,2490.0
2682,US.NV,11,6224.1
2685,US.NV,14,109.8
2686,US.NV,15,398.3
2687,US.NV,16,146.5
2688,US.NV,17,506.1
2689,US.NV,18,155.3
2690,US.NV,19,485.7
2691,US.NV,20,210.5
2692,US.NV,21,49.5
2693,US.NV,22,106.8
2694,US.NV,23,88.1
2695,US.NV,24,2016.7
2697,US.NV,26,626.2
2698,US.NV,27,52.9
2699,US.NV,28,5.7
2700,US.NV,29,80.0
2701,US.NV,30,227.9
2702,US.NV,31,116.8
2703,US.NV,32,276.3
2704,US.NV,33,298.3
2705,US.NV,34,6030.9
2706,US.NV,35,9861.4
2708,US.NV,37,2506.6
2709,US.NV,38,219.1
2710,US.NV,39,8.5
2711,US.NV,40,779.6
2712,US.NV,41,1535.2
2713,US.NV,42,9.6
2714,US.NV,43,894.3
2715,US.NV,44,741.3
2717,US.NV,46,509.5
2718,US.NV,47,661.4
2719,US.NV,48,1779.9
2720,US.NV,49,886.0
2723,US.NV,52,3970.9
2724,US.NV,53,431.1
2725,US.NV,54,2888.1
2726,US.NV,55,212.1
2728,US.NV,57,18214.9
2729,US.NV,58,3941.7
2732,US.NV,61,1462.7
2733,US.NV,62,750.9
2734,US.NV,63,4737.2
2735,US.NV,64,3515.5
2737,US.NV,66,4301.3
2738,US.NV,67,383.5
2740,US.NV,69,759.5
2742,US.NV,71,4801.7
2743,US.NV,72,2654.3
2744,US.NV,73,579.4
2745,US.NV,74,597.5
2748,US.NV,77,2828.3
2749,US.NV,78,1474.9
2751,US.NV,80,16678.6
2752,US.NV,81,5351.7
2753,US.NV,82,2593.1
2755,US.NV,84,2225.5
2756,US.NV,85,1324.1
2757,US.NV,86,12770.5
2767,US.NH,4,135.8
2768,US.NH,5,95.0
2770,US.NH,7,0.0
2771,US.NH,8,36.4
2772,US.NH,9,7.7
2773,US.NH,10,1307.3
2774,US.NH,11,2235.3
2777,US.NH,14,160.4
2778,US.NH,15,243.9
2779,US.NH,16,233.9
2780,US.NH,17,1155.0
2781,US.NH,18,828.4
2782,US.NH,19,2346.0
2783,US.NH,20,820.5
2784,US.NH,21,108.8
2785,US.NH,22,152.7
2786,US.NH,23,58.5
2787,US.NH,24,465.3
2789,US.NH,26,619.8
2790,US.NH,27,154.4
2791,US.NH,28,66.3
2792,US.NH,29,87.9
2793,US.NH,30,192.0
2794,US.NH,31,97.0
2795,US.NH,32,294.9
2796,US.NH,33,435.7
2797,US.NH,34,5197.8
2798,US.NH,35,5062.2
2800,US.NH,37,134.1
2801,US.NH,38,7.1
2802,US.NH,39,1.2
2803,US.NH,40,307.4
2804,US.NH,41,174.1
2805,US.NH,42,1.6
2806,US.NH,43,280.8
2807,US.NH,44,251.4
2809,US.NH,46,1272.4
2810,US.NH,47,125.5
2811,US.NH,48,1214.0
2812,US.NH,49,444.4
2815,US.NH,52,1004.3
2816,US.NH,53,1178.2
2817,US.NH,54,4362.7
2818,US.NH,55,18.9
2820,US.NH,57,10292.2
2821,US.NH,58,661.7
2824,US.NH,61,664.2
2825,US.NH,62,1424.1
2826,US.NH,63,3286.8
2827,US.NH,64,1248.7
2829,US.NH,66,2307.5
2830,US.NH,67,219.2
2832,US.NH,69,1804.1
2834,US.NH,71,3290.4
2835,US.NH,72,2431.8
2836,US.NH,73,682.0
2837,US.NH,74,440.9
2840,US.NH,77,359.0
2841,US.NH,78,666.3
2843,US.NH,80,970.2
2844,US.NH,81,1640.6
2845,US.NH,82,1647.5
2847,US.NH,84,1262.2
2848,US.NH,85,1002.8
2849,US.NH,86,6153.0
2859,US.NJ,4,610.4
2860,US.NJ,5,230.0
2862,US.NJ,7,13.9
2863,US.NJ,8,296.0
2864,US.NJ,9,36.4
2865,US.NJ,10,11091.3
2866,US.NJ,11,21181.3
2869,US.NJ,14,158.3
2870,US.NJ,15,1256.1
2871,US.NJ,16,549.3
2872,US.NJ,17,1882.1
2873,US.NJ,18,1660.1
2874,US.NJ,19,4108.9
2875,US.NJ,20,1173.6
2876,US.NJ,21,223.4
2877,US.NJ,22,387.7
2878,US.NJ,23,432.6
2879,US.NJ,24,3602.6
2881,US.NJ,26,4075.8
2882,US.NJ,27,314.0
2883,US.NJ,28,278.0
2884,US.NJ,29,1299.5
2885,US.NJ,30,1499.0
2886,US.NJ,31,3903.4
2887,US.NJ,32,17508.1
2888,US.NJ,33,1446.5
2889,US.NJ,34,49034.2
2890,US.NJ,35,32384.3
2892,US.NJ,37,5004.0
2893,US.NJ,38,273.4
2894,US.NJ,39,601.5
2895,US.NJ,40,4232.5
2896,US.NJ,41,2190.0
2897,US.NJ,42,143.6
2898,US.NJ,43,4751.3
2899,US.NJ,44,2234.9
2901,US.NJ,46,5938.4
2902,US.NJ,47,1190.5
2903,US.NJ,48,12696.2
2904,US.NJ,49,4916.3
2907,US.NJ,52,8288.4
2908,US.NJ,53,8734.6
2909,US.NJ,54,18733.3
2910,US.NJ,55,438.8
2912,US.NJ,57,88667.6
2913,US.NJ,58,6162.5
2916,US.NJ,61,7011.6
2917,US.NJ,62,11506.7
2918,US.NJ,63,35271.1
2919,US.NJ,64,16902.2
2921,US.NJ,66,18380.6
2922,US.NJ,67,1771.3
2924,US.NJ,69,7166.9
2926,US.NJ,71,22953.5
2927,US.NJ,72,13777.3
2928,US.NJ,73,4648.9
2929,US.NJ,74,3284.8
2932,US.NJ,77,2767.3
2933,US.NJ,78,2175.6
2935,US.NJ,80,4400.1
2936,US.NJ,81,8835.7
2937,US.NJ,82,11123.3
2939,US.NJ,84,6687.6
2940,US.NJ,85,2390.3
2941,US.NJ,86,52226.9
2951,US.NM,4,1163.6
2952,US.NM,5,153.5
2954,US.NM,7,4279.6
2955,US.NM,8,1799.1
2956,US.NM,9,1604.4
2957,US.NM,10,1617.7
2958,US.NM,11,3237.1
2961,US.NM,14,52.3
2962,US.NM,15,218.8
2963,US.NM,16,42.2
2964,US.NM,17,182.5
2965,US.NM,18,101.1
2966,US.NM,19,1047.5
2967,US.NM,20,78.0
2968,US.NM,21,30.6
2969,US.NM,22,112.1
2970,US.NM,23,31.1
2971,US.NM,24,119.9
2973,US.NM,26,620.6
2974,US.NM,27,8.7
2975,US.NM,28,5.6
2976,US.NM,29,95.4
2977,US.NM,30,59.9
2978,US.NM,31,893.6
2979,US.NM,32,303.7
2980,US.NM,33,117.5
2981,US.NM,34,3176.3
2982,US.NM,35,5403.5
2984,US.NM,37,237.0
2985,US.NM,38,781.4
2986,US.NM,39,38.6
2987,US.NM,40,870.0
2988,US.NM,41,136.2
2989,US.NM,42,50.7
2990,US.NM,43,354.8
2991,US.NM,44,88.0
2993,US.NM,46,292.0
2994,US.NM,47,703.1
2995,US.NM,48,1482.9
2996,US.NM,49,108.7
2999,US.NM,52,1143.2
3000,US.NM,53,335.8
3001,US.NM,54,1533.7
3002,US.NM,55,75.3
3004,US.NM,57,10954.0
3005,US.NM,58,1057.1
3008,US.NM,61,670.7
3009,US.NM,62,533.8
3010,US.NM,63,5387.0
3011,US.NM,64,499.0
3013,US.NM,66,1996.3
3014,US.NM,67,348.8
3016,US.NM,69,557.9
3018,US.NM,71,3503.4
3019,US.NM,72,1931.7
3020,US.NM,73,556.9
3021,US.NM,74,860.8
3024,US.NM,77,272.6
3025,US.NM,78,384.9
3027,US.NM,80,802.8
3028,US.NM,81,2266.8
3029,US.NM,82,1992.3
3031,US.NM,84,6817.5
3032,US.NM,85,3633.1
3033,US.NM,86,11507.3
3043,US.NY,4,2242.2
3044,US.NY,5,406.0
3046,US.NY,7,113.6
3047,US.NY,8,533.6
3048,US.NY,9,47.5
3049,US.NY,10,21033.7
3050,US.NY,11,43429.2
3053,US.NY,14,632.8
3054,US.NY,15,2765.0
3055,US.NY,16,1269.9
3056,US.NY,17,5113.2
3057,US.NY,18,6669.7
3058,US.NY,19,10790.7
3059,US.NY,20,1456.4
3060,US.NY,21,1451.1
3061,US.NY,22,1559.2
3062,US.NY,23,929.9
3063,US.NY,24,3654.3
3065,US.NY,26,11084.4
3066,US.NY,27,695.8
3067,US.NY,28,1545.4
3068,US.NY,29,2224.5
3069,US.NY,30,2048.7
3070,US.NY,31,761.6
3071,US.NY,32,14325.7
3072,US.NY,33,2787.5
3073,US.NY,34,73953.1
3074,US.NY,35,68575.8
3076,US.NY,37,8591.9
3077,US.NY,38,568.3
3078,US.NY,39,762.0
3079,US.NY,40,4004.7
3080,US.NY,41,9912.1
3081,US.NY,42,323.8
3082,US.NY,43,5728.0
3083,US.NY,44,1394.0
3085,US.NY,46,22530.4
3086,US.NY,47,19393.8
3087,US.NY,48,53230.2
3088,US.NY,49,21218.7
3091,US.NY,52,135439.0
3092,US.NY,53,81510.0
3093,US.NY,54,55775.9
3094,US.NY,55,2578.2
3096,US.NY,57,194024.5
3097,US.NY,58,8769.5
3100,US.NY,61,37052.6
3101,US.NY,62,18214.9
3102,US.NY,63,74083.1
3103,US.NY,64,28327.6
3105,US.NY,66,33466.9
3106,US.NY,67,2774.0
3108,US.NY,69,32107.8
3110,US.NY,71,42932.4
3111,US.NY,72,37003.0
3112,US.NY,73,11629.6
3113,US.NY,74,12168.3
3116,US.NY,77,17697.3
3117,US.NY,78,4533.9
3119,US.NY,80,10619.7
3120,US.NY,81,29243.7
3121,US.NY,82,29228.3
3123,US.NY,84,18032.0
3124,US.NY,85,5640.0
3125,US.NY,86,133009.9
3135,US.NC,4,4144.8
3136,US.NC,5,903.4
3138,US.NC,7,10.4
3139,US.NC,8,387.7
3140,US.NC,9,26.5
3141,US.NC,10,7825.9
3142,US.NC,11,17082.3
3145,US.NC,14,1790.4
3146,US.NC,15,1812.7
3147,US.NC,16,680.2
3148,US.NC,17,3858.6
3149,US.NC,18,4897.2
3150,US.NC,19,10780.7
3151,US.NC,20,4355.8
3152,US.NC,21,3093.6
3153,US.NC,22,5789.6
3154,US.NC,23,2322.5
3155,US.NC,24,2063.6
3157,US.NC,26,20102.6
3158,US.NC,27,2508.3
3159,US.NC,28,348.0
3160,US.NC,29,2183.7
3161,US.NC,30,1007.7
3162,US.NC,31,339.5
3163,US.NC,32,26150.9
3164,US.NC,33,3678.4
3165,US.NC,34,29736.1
3166,US.NC,35,25848.3
3168,US.NC,37,2859.5
3169,US.NC,38,418.5
3170,US.NC,39,43.0
3171,US.NC,40,4012.5
3172,US.NC,41,518.4
3173,US.NC,42,62.4
3174,US.NC,43,2254.5
3175,US.NC,44,1349.9
3177,US.NC,46,5478.2
3178,US.NC,47,400.4
3179,US.NC,48,8242.5
3180,US.NC,49,3896.8
3183,US.NC,52,27313.6
3184,US.NC,53,3815.2
3185,US.NC,54,9458.6
3186,US.NC,55,38.6
3188,US.NC,57,51506.7
3189,US.NC,58,3907.9
3192,US.NC,61,3611.2
3193,US.NC,62,6600.6
3194,US.NC,63,19364.4
3195,US.NC,64,12571.1
3197,US.NC,66,14546.5
3198,US.NC,67,938.2
3200,US.NC,69,7027.6
3202,US.NC,71,17416.3
3203,US.NC,72,8873.6
3204,US.NC,73,3683.6
3205,US.NC,74,2663.5
3208,US.NC,77,2616.7
3209,US.NC,78,1533.4
3211,US.NC,80,2812.9
3212,US.NC,81,11013.1
3213,US.NC,82,10131.4
3215,US.NC,84,9552.6
3216,US.NC,85,11382.7
3217,US.NC,86,47162.5
3227,US.ND,4,2442.8
3228,US.ND,5,160.5
3230,US.ND,7,2140.4
3231,US.ND,8,567.2
3232,US.ND,9,3489.5
3233,US.ND,10,1257.1
3234,US.ND,11,4044.8
3237,US.ND,14,152.0
3238,US.ND,15,233.9
3239,US.ND,16,25.5
3240,US.ND,17,170.2
3241,US.ND,18,1291.1
3242,US.ND,19,177.2
3243,US.ND,20,13.0
3244,US.ND,21,77.7
3245,US.ND,22,115.7
3246,US.ND,23,44.7
3247,US.ND,24,41.0
3249,US.ND,26,767.6
3250,US.ND,27,16.6
3251,US.ND,28,4.6
3252,US.ND,29,18.5
3253,US.ND,30,38.8
3254,US.ND,31,324.6
3255,US.ND,32,168.8
3256,US.ND,33,131.4
3257,US.ND,34,5139.7
3258,US.ND,35,3240.3
3260,US.ND,37,41.9
3261,US.ND,38,696.1
3262,US.ND,39,20.3
3263,US.ND,40,1774.8
3264,US.ND,41,87.9
3265,US.ND,42,209.8
3266,US.ND,43,340.9
3267,US.ND,44,33.9
3269,US.ND,46,484.4
3270,US.ND,47,21.8
3271,US.ND,48,649.6
3272,US.ND,49,80.6
3275,US.ND,52,1044.2
3276,US.ND,53,142.8
3277,US.ND,54,1297.4
3278,US.ND,55,11.5
3280,US.ND,57,4754.6
3281,US.ND,58,1499.9
3284,US.ND,61,210.5
3285,US.ND,62,250.6
3286,US.ND,63,1410.7
3287,US.ND,64,584.6
3289,US.ND,66,736.4
3290,US.ND,67,121.3
3292,US.ND,69,175.1
3294,US.ND,71,1467.9
3295,US.ND,72,1529.1
3296,US.ND,73,644.1
3297,US.ND,74,253.1
3300,US.ND,77,42.0
3301,US.ND,78,110.4
3303,US.ND,80,398.9
3304,US.ND,81,896.9
3305,US.ND,82,978.6
3307,US.ND,84,422.3
3308,US.ND,85,783.9
3309,US.ND,86,4565.3
3319,US.OH,4,2561.6
3320,US.OH,5,481.3
3322,US.OH,7,5228.7
3323,US.OH,8,1222.7
3324,US.OH,9,760.4
3325,US.OH,10,10579.3
3326,US.OH,11,20936.1
3329,US.OH,14,925.9
3330,US.OH,15,3224.2
3331,US.OH,16,6558.3
3332,US.OH,17,11256.9
3333,US.OH,18,8730.8
3334,US.OH,19,2396.0
3335,US.OH,20,4756.6
3336,US.OH,21,12125.2
3337,US.OH,22,5906.1
3338,US.OH,23,1041.4
3339,US.OH,24,2168.5
3341,US.OH,26,11911.0
3342,US.OH,27,375.2
3343,US.OH,28,138.7
3344,US.OH,29,2178.4
3345,US.OH,30,1988.1
3346,US.OH,31,7738.6
3347,US.OH,32,14493.0
3348,US.OH,33,5982.0
3349,US.OH,34,39107.6
3350,US.OH,35,36238.0
3352,US.OH,37,2162.2
3353,US.OH,38,1607.1
3354,US.OH,39,110.6
3355,US.OH,40,7156.1
3356,US.OH,41,638.0
3357,US.OH,42,1724.9
3358,US.OH,43,3628.8
3359,US.OH,44,2614.1
3361,US.OH,46,5219.3
3362,US.OH,47,486.0
3363,US.OH,48,8702.5
3364,US.OH,49,2491.2
3367,US.OH,52,24270.8
3368,US.OH,53,3195.7
3369,US.OH,54,25890.4
3370,US.OH,55,247.0
3372,US.OH,57,60686.7
3373,US.OH,58,5444.4
3376,US.OH,61,5235.5
3377,US.OH,62,6977.6
3378,US.OH,63,19398.3
3379,US.OH,64,19996.6
3381,US.OH,66,17451.9
3382,US.OH,67,2099.0
3384,US.OH,69,5934.8
3386,US.OH,71,22845.7
3387,US.OH,72,20263.5
3388,US.OH,73,6335.6
3389,US.OH,74,3525.4
3392,US.OH,77,2386.9
3393,US.OH,78,4212.7
3395,US.OH,80,2465.7
3396,US.OH,81,13080.9
3397,US.OH,82,12707.4
3399,US.OH,84,10623.9
3400,US.OH,85,4129.7
3401,US.OH,86,52364.2
3411,US.OK,4,2860.6
3412,US.OK,5,233.6
3414,US.OK,7,16176.7
3415,US.OK,8,327.9
3416,US.OK,9,3184.5
3417,US.OK,10,4131.7
3418,US.OK,11,7163.2
3421,US.OK,14,218.1
3422,US.OK,15,996.6
3423,US.OK,16,308.3
3424,US.OK,17,2403.7
3425,US.OK,18,3181.8
3426,US.OK,19,687.2
3427,US.OK,20,348.5
3428,US.OK,21,650.3
3429,US.OK,22,1146.4
3430,US.OK,23,127.8
3431,US.OK,24,249.4
3433,US.OK,26,1872.9
3434,US.OK,27,48.9
3435,US.OK,28,47.9
3436,US.OK,29,782.5
3437,US.OK,30,151.8
3438,US.OK,31,2827.3
3439,US.OK,32,1023.9
3440,US.OK,33,1097.7
3441,US.OK,34,10456.4
3442,US.OK,35,10747.5
3444,US.OK,37,920.8
3445,US.OK,38,876.0
3446,US.OK,39,0.1
3447,US.OK,40,2071.0
3448,US.OK,41,89.5
3449,US.OK,42,6230.0
3450,US.OK,43,882.8
3451,US.OK,44,499.3
3453,US.OK,46,819.8
3454,US.OK,47,111.7
3455,US.OK,48,3342.7
3456,US.OK,49,345.5
3459,US.OK,52,3093.6
3460,US.OK,53,594.5
3461,US.OK,54,3480.8
3462,US.OK,55,60.9
3464,US.OK,57,15357.6
3465,US.OK,58,2595.7
3468,US.OK,61,1653.5
3469,US.OK,62,916.1
3470,US.OK,63,5288.7
3471,US.OK,64,2301.3
3473,US.OK,66,5225.9
3474,US.OK,67,371.3
3476,US.OK,69,1088.1
3478,US.OK,71,6444.5
3479,US.OK,72,4522.0
3480,US.OK,73,1291.5
3481,US.OK,74,1014.8
3484,US.OK,77,465.2
3485,US.OK,78,650.2
3487,US.OK,80,882.6
3488,US.OK,81,4394.8
3489,US.OK,82,3854.1
3491,US.OK,84,5440.1
3492,US.OK,85,2475.0
3493,US.OK,86,21035.9
3503,US.OR,4,2555.9
3504,US.OR,5,1615.1
3506,US.OR,7,1.0
3507,US.OR,8,169.0
3508,US.OR,9,10.6
3509,US.OR,10,2666.4
3510,US.OR,11,7812.6
3513,US.OR,14,2139.9
3514,US.OR,15,589.1
3515,US.OR,16,1355.6
3516,US.OR,17,1411.5
3517,US.OR,18,1518.0
3518,US.OR,19,13895.1
3519,US.OR,20,461.4
3520,US.OR,21,628.6
3521,US.OR,22,686.9
3522,US.OR,23,401.7
3523,US.OR,24,674.3
3525,US.OR,26,3066.1
3526,US.OR,27,70.5
3527,US.OR,28,121.4
3528,US.OR,29,852.5
3529,US.OR,30,465.3
3530,US.OR,31,205.0
3531,US.OR,32,750.2
3532,US.OR,33,505.9
3533,US.OR,34,11514.1
3534,US.OR,35,10399.0
3536,US.OR,37,1190.5
3537,US.OR,38,440.5
3538,US.OR,39,103.5
3539,US.OR,40,1924.7
3540,US.OR,41,476.4
3541,US.OR,42,22.7
3542,US.OR,43,1249.2
3543,US.OR,44,443.8
3545,US.OR,46,3412.0
3546,US.OR,47,495.5
3547,US.OR,48,2071.7
3548,US.OR,49,1387.1
3551,US.OR,52,3597.8
3552,US.OR,53,890.2
3553,US.OR,54,4688.2
3554,US.OR,55,96.9
3556,US.OR,57,28448.7
3557,US.OR,58,1824.4
3560,US.OR,61,1750.8
3561,US.OR,62,2231.3
3562,US.OR,63,7471.4
3563,US.OR,64,6973.0
3565,US.OR,66,5044.1
3566,US.OR,67,581.0
3568,US.OR,69,2022.4
3570,US.OR,71,8421.8
3571,US.OR,72,5496.2
3572,US.OR,73,1895.1
3573,US.OR,74,1686.5
3576,US.OR,77,992.6
3577,US.OR,78,782.4
3579,US.OR,80,1764.8
3580,US.OR,81,4864.7
3581,US.OR,82,4461.9
3583,US.OR,84,4075.4
3584,US.OR,85,598.5
3585,US.OR,86,22298.4
3595,US.PA,4,2946.7
3596,US.PA,5,668.9
3598,US.PA,7,7132.0
3599,US.PA,8,3164.4
3600,US.PA,9,2174.0
3601,US.PA,10,12565.8
3602,US.PA,11,28290.7
3605,US.PA,14,1751.5
3606,US.PA,15,2705.0
3607,US.PA,16,5862.4
3608,US.PA,17,7570.1
3609,US.PA,18,5350.3
3610,US.PA,19,5287.4
3611,US.PA,20,3931.3
3612,US.PA,21,1952.4
3613,US.PA,22,3815.7
3614,US.PA,23,1281.5
3615,US.PA,24,3124.9
3617,US.PA,26,10639.4
3618,US.PA,27,500.8
3619,US.PA,28,259.6
3620,US.PA,29,4284.0
3621,US.PA,30,2335.7
3622,US.PA,31,5970.0
3623,US.PA,32,16220.0
3624,US.PA,33,4291.6
3625,US.PA,34,43239.6
3626,US.PA,35,35580.7
3628,US.PA,37,3116.8
3629,US.PA,38,1327.5
3630,US.PA,39,77.8
3631,US.PA,40,6751.5
3632,US.PA,41,1781.6
3633,US.PA,42,3908.8
3634,US.PA,43,3094.8
3635,US.PA,44,4190.0
3637,US.PA,46,5115.0
3638,US.PA,47,1159.7
3639,US.PA,48,33872.6
3640,US.PA,49,3359.2
3643,US.PA,52,12323.2
3644,US.PA,53,7613.9
3645,US.PA,54,26634.2
3646,US.PA,55,363.4
3648,US.PA,57,79477.5
3649,US.PA,58,7736.7
3652,US.PA,61,10726.6
3653,US.PA,62,9508.9
3654,US.PA,63,30723.5
3655,US.PA,64,23259.3
3657,US.PA,66,15666.0
3658,US.PA,67,1928.1
3660,US.PA,69,17079.1
3662,US.PA,71,29304.8
3663,US.PA,72,23642.3
3664,US.PA,73,8717.5
3665,US.PA,74,5670.8
3668,US.PA,77,4570.1
3669,US.PA,78,3151.0
3671,US.PA,80,3787.8
3672,US.PA,81,12729.4
3673,US.PA,82,15543.2
3675,US.PA,84,13481.0
3676,US.PA,85,2807.6
3677,US.PA,86,54689.5
3687,US.RI,4,46.6
3688,US.RI,5,63.0
3690,US.RI,7,0.5
3691,US.RI,8,46.4
3692,US.RI,9,0.0
3693,US.RI,10,864.4
3694,US.RI,11,2026.2
3697,US.RI,14,50.8
3698,US.RI,15,68.9
3699,US.RI,16,187.0
3700,US.RI,17,316.8
3701,US.RI,18,245.2
3702,US.RI,19,454.5
3703,US.RI,20,227.2
3704,US.RI,21,25.4
3705,US.RI,22,647.8
3706,US.RI,23,84.5
3707,US.RI,24,718.7
3709,US.RI,26,242.9
3710,US.RI,27,182.9
3711,US.RI,28,6.2
3712,US.RI,29,115.3
3713,US.RI,30,133.1
3714,US.RI,31,44.1
3715,US.RI,32,780.7
3716,US.RI,33,316.2
3717,US.RI,34,3357.5
3718,US.RI,35,3061.5
3720,US.RI,37,146.3
3721,US.RI,38,10.0
3722,US.RI,39,26.3
3723,US.RI,40,250.8
3724,US.RI,41,143.7
3725,US.RI,42,7.9
3726,US.RI,43,228.7
3727,US.RI,44,82.6
3729,US.RI,46,355.9
3730,US.RI,47,87.7
3731,US.RI,48,805.9
3732,US.RI,49,540.3
3735,US.RI,52,1385.8
3736,US.RI,53,1050.7
3737,US.RI,54,2865.5
3738,US.RI,55,5.7
3740,US.RI,57,7782.5
3741,US.RI,58,480.2
3744,US.RI,61,762.6
3745,US.RI,62,841.9
3746,US.RI,63,1648.4
3747,US.RI,64,2074.4
3749,US.RI,66,1428.0
3750,US.RI,67,189.6
3752,US.RI,69,1875.7
3754,US.RI,71,2244.9
3755,US.RI,72,2226.0
3756,US.RI,73,868.3
3757,US.RI,74,432.1
3760,US.RI,77,259.5
3761,US.RI,78,405.3
3763,US.RI,80,423.5
3764,US.RI,81,1556.8
3765,US.RI,82,1182.2
3767,US.RI,84,1534.0
3768,US.RI,85,1088.5
3769,US.RI,86,4948.3
3779,US.SC,4,645.8
3780,US.SC,5,449.0
3782,US.SC,7,1.4
3783,US.SC,8,301.7
3784,US.SC,9,22.4
3785,US.SC,10,5604.9
3786,US.SC,11,9214.5
3789,US.SC,14,761.9
3790,US.SC,15,906.7
3791,US.SC,16,1092.7
3792,US.SC,17,3444.2
3793,US.SC,18,2552.6
3794,US.SC,19,1822.3
3795,US.SC,20,2712.2
3796,US.SC,21,4255.3
3797,US.SC,22,1210.6
3798,US.SC,23,418.1
3799,US.SC,24,737.3
3801,US.SC,26,2114.5
3802,US.SC,27,1416.0
3803,US.SC,28,181.4
3804,US.SC,29,3215.7
3805,US.SC,30,380.2
3806,US.SC,31,202.2
3807,US.SC,32,4341.3
3808,US.SC,33,2751.3
3809,US.SC,34,12015.3
3810,US.SC,35,13753.9
3812,US.SC,37,234.6
3813,US.SC,38,333.9
3814,US.SC,39,46.5
3815,US.SC,40,1904.4
3816,US.SC,41,174.9
3817,US.SC,42,19.6
3818,US.SC,43,1129.7
3819,US.SC,44,937.7
3821,US.SC,46,1026.8
3822,US.SC,47,175.9
3823,US.SC,48,3685.5
3824,US.SC,49,631.2
3827,US.SC,52,3464.8
3828,US.SC,53,713.2
3829,US.SC,54,4780.9
3830,US.SC,55,26.9
3832,US.SC,57,22993.2
3833,US.SC,58,2111.9
3836,US.SC,61,1939.1
3837,US.SC,62,1599.6
3838,US.SC,63,7218.7
3839,US.SC,64,1743.2
3841,US.SC,66,6999.5
3842,US.SC,67,1463.6
3844,US.SC,69,1690.7
3846,US.SC,71,7684.3
3847,US.SC,72,3201.8
3848,US.SC,73,1577.6
3849,US.SC,74,852.9
3852,US.SC,77,511.0
3853,US.SC,78,852.9
3855,US.SC,80,2886.0
3856,US.SC,81,5790.0
3857,US.SC,82,4902.6
3859,US.SC,84,3977.3
3860,US.SC,85,4153.5
3861,US.SC,86,24039.1
3871,US.SD,4,3549.5
3872,US.SD,5,176.1
3874,US.SD,7,10.4
3875,US.SD,8,84.8
3876,US.SD,9,2.3
3877,US.SD,10,803.3
3878,US.SD,11,1809.5
3881,US.SD,14,176.9
3882,US.SD,15,258.8
3883,US.SD,16,53.3
3884,US.SD,17,347.7
3885,US.SD,18,763.9
3886,US.SD,19,151.8
3887,US.SD,20,68.2
3888,US.SD,21,230.1
3889,US.SD,22,29.9
3890,US.SD,23,144.5
3891,US.SD,24,882.9
3893,US.SD,26,705.6
3894,US.SD,27,25.7
3895,US.SD,28,0.8
3896,US.SD,29,68.7
3897,US.SD,30,104.4
3898,US.SD,31,13.5
3899,US.SD,32,239.3
3900,US.SD,33,122.1
3901,US.SD,34,3431.9
3902,US.SD,35,3389.2
3904,US.SD,37,76.5
3905,US.SD,38,168.4
3906,US.SD,39,0.1
3907,US.SD,40,606.8
3908,US.SD,41,63.7
3909,US.SD,42,19.1
3910,US.SD,43,179.3
3911,US.SD,44,44.0
3913,US.SD,46,145.1
3914,US.SD,47,32.5
3915,US.SD,48,987.7
3916,US.SD,49,49.2
3919,US.SD,52,6326.4
3920,US.SD,53,144.0
3921,US.SD,54,1201.1
3922,US.SD,55,75.9
3924,US.SD,57,4197.7
3925,US.SD,58,180.8
3928,US.SD,61,225.1
3929,US.SD,62,213.5
3930,US.SD,63,1088.4
3931,US.SD,64,614.3
3933,US.SD,66,616.8
3934,US.SD,67,75.0
3936,US.SD,69,332.7
3938,US.SD,71,1846.8
3939,US.SD,72,1860.8
3940,US.SD,73,460.7
3941,US.SD,74,252.3
3944,US.SD,77,89.9
3945,US.SD,78,199.1
3947,US.SD,80,697.9
3948,US.SD,81,845.1
3949,US.SD,82,1000.8
3951,US.SD,84,693.7
3952,US.SD,85,469.8
3953,US.SD,86,3904.6
3963,US.TN,4,1389.9
3964,US.TN,5,269.2
3966,US.TN,7,9.5
3967,US.TN,8,562.7
3968,US.TN,9,34.1
3969,US.TN,10,1982.0
3970,US.TN,11,11299.0
3973,US.TN,14,916.4
3974,US.TN,15,1454.1
3975,US.TN,16,1599.4
3976,US.TN,17,3665.6
3977,US.TN,18,3237.6
3978,US.TN,19,791.9
3979,US.TN,20,4492.8
3980,US.TN,21,9132.1
3981,US.TN,22,488.3
3982,US.TN,23,578.6
3983,US.TN,24,2784.7
3985,US.TN,26,7705.4
3986,US.TN,27,497.5
3987,US.TN,28,181.9
3988,US.TN,29,2779.2
3989,US.TN,30,1082.8
3990,US.TN,31,1269.5
3991,US.TN,32,5743.0
3992,US.TN,33,2300.6
3993,US.TN,34,22750.0
3994,US.TN,35,21483.4
3996,US.TN,37,802.1
3997,US.TN,38,922.0
3998,US.TN,39,452.9
3999,US.TN,40,5178.4
4000,US.TN,41,474.5
4001,US.TN,42,434.4
4002,US.TN,43,4814.5
4003,US.TN,44,1529.8
4005,US.TN,46,1777.8
4006,US.TN,47,1657.7
4007,US.TN,48,5021.0
4008,US.TN,49,1112.9
4011,US.TN,52,6617.2
4012,US.TN,53,1896.0
4013,US.TN,54,8773.5
4014,US.TN,55,255.9
4016,US.TN,57,31962.2
4017,US.TN,58,3023.4
4020,US.TN,61,2493.0
4021,US.TN,62,2379.9
4022,US.TN,63,12961.4
4023,US.TN,64,5623.8
4025,US.TN,66,11417.3
4026,US.TN,67,928.8
4028,US.TN,69,3500.8
4030,US.TN,71,15578.6
4031,US.TN,72,14976.7
4032,US.TN,73,2640.5
4033,US.TN,74,1437.9
4036,US.TN,77,5074.8
4037,US.TN,78,988.3
4039,US.TN,80,3000.8
4040,US.TN,81,8247.9
4041,US.TN,82,7854.7
4043,US.TN,84,9420.6
4044,US.TN,85,1156.7
4045,US.TN,86,26788.7
4055,US.TX,4,10747.4
4056,US.TX,5,1662.3
4058,US.TX,7,89981.8
4059,US.TX,8,2711.9
4060,US.TX,9,27659.4
4061,US.TX,10,25801.6
4062,US.TX,11,81367.8
4065,US.TX,14,1583.1
4066,US.TX,15,5932.6
4067,US.TX,16,3494.9
4068,US.TX,17,13664.2
4069,US.TX,18,15195.3
4070,US.TX,19,30125.0
4071,US.TX,20,2734.6
4072,US.TX,21,13277.2
4073,US.TX,22,10926.8
4074,US.TX,23,1406.0
4075,US.TX,24,2896.0
4077,US.TX,26,14424.2
4078,US.TX,27,546.3
4079,US.TX,28,460.2
4080,US.TX,29,2137.1
4081,US.TX,30,2000.2
4082,US.TX,31,38786.1
4083,US.TX,32,46720.8
4084,US.TX,33,5203.7
4085,US.TX,34,131535.6
4086,US.TX,35,88373.3
4088,US.TX,37,13829.2
4089,US.TX,38,3922.6
4090,US.TX,39,1089.4
4091,US.TX,40,15946.5
4092,US.TX,41,1656.3
4093,US.TX,42,6269.9
4094,US.TX,43,9885.1
4095,US.TX,44,4380.4
4097,US.TX,46,9348.6
4098,US.TX,47,1868.0
4099,US.TX,48,39491.9
4100,US.TX,49,8947.7
4103,US.TX,52,32754.4
4104,US.TX,53,11754.0
4105,US.TX,54,37880.3
4106,US.TX,55,2060.1
4108,US.TX,57,129180.1
4109,US.TX,58,19887.7
4112,US.TX,61,17255.8
4113,US.TX,62,23439.4
4114,US.TX,63,67897.0
4115,US.TX,64,19193.5
4117,US.TX,66,46384.7
4118,US.TX,67,4518.8
4120,US.TX,69,11325.1
4122,US.TX,71,53854.0
4123,US.TX,72,28716.8
4124,US.TX,73,7073.0
4125,US.TX,74,5555.1
4128,US.TX,77,5369.3
4129,US.TX,78,4367.5
4131,US.TX,80,10056.5
4132,US.TX,81,36706.9
4133,US.TX,82,32212.2
4135,US.TX,84,25438.2
4136,US.TX,85,15695.4
4137,US.TX,86,127808.0
4147,US.UT,4,909.2
4148,US.UT,5,87.5
4150,US.UT,7,729.9
4151,US.UT,8,1409.8
4152,US.UT,9,507.7
4153,US.UT,10,2004.4
4154,US.UT,11,8455.8
4157,US.UT,14,113.3
4158,US.UT,15,606.4
4159,US.UT,16,1267.7
4160,US.UT,17,1227.2
4161,US.UT,18,661.7
4162,US.UT,19,2160.7
4163,US.UT,20,387.6
4164,US.UT,21,1054.2
4165,US.UT,22,945.8
4166,US.UT,23,572.5
4167,US.UT,24,2102.0
4169,US.UT,26,1790.9
4170,US.UT,27,110.0
4171,US.UT,28,29.7
4172,US.UT,29,487.1
4173,US.UT,30,427.2
4174,US.UT,31,1239.6
4175,US.UT,32,1596.9
4176,US.UT,33,480.6
4177,US.UT,34,7800.9
4178,US.UT,35,10265.1
4180,US.UT,37,1528.3
4181,US.UT,38,345.7
4182,US.UT,39,1.8
4183,US.UT,40,1766.9
4184,US.UT,41,172.9
4185,US.UT,42,156.6
4186,US.UT,43,906.7
4187,US.UT,44,522.5
4189,US.UT,46,2657.8
4190,US.UT,47,360.3
4191,US.UT,48,2135.7
4192,US.UT,49,1612.6
4195,US.UT,52,8402.6
4196,US.UT,53,1102.2
4197,US.UT,54,2842.9
4198,US.UT,55,556.1
4200,US.UT,57,17141.5
4201,US.UT,58,1867.8
4204,US.UT,61,1162.4
4205,US.UT,62,2515.2
4206,US.UT,63,6328.8
4207,US.UT,64,2144.6
4209,US.UT,66,4075.8
4210,US.UT,67,286.9
4212,US.UT,69,2211.4
4214,US.UT,71,4302.1
4215,US.UT,72,2689.2
4216,US.UT,73,919.4
4217,US.UT,74,572.8
4220,US.UT,77,602.5
4221,US.UT,78,617.1
4223,US.UT,80,1197.6
4224,US.UT,81,2646.1
4225,US.UT,82,4165.4
4227,US.UT,84,4408.9
4228,US.UT,85,1417.0
4229,US.UT,86,13142.0
4239,US.VT,4,358.9
4240,US.VT,5,76.0
4242,US.VT,7,0.0
4243,US.VT,8,221.7
4244,US.VT,9,1.2
4245,US.VT,10,763.6
4246,US.VT,11,1038.3
4249,US.VT,14,154.3
4250,US.VT,15,137.8
4251,US.VT,16,20.5
4252,US.VT,17,211.3
4253,US.VT,18,337.5
4254,US.VT,19,536.7
4255,US.VT,20,137.0
4256,US.VT,21,47.1
4257,US.VT,22,120.2
4258,US.VT,23,69.5
4259,US.VT,24,146.9
4261,US.VT,26,592.8
4262,US.VT,27,26.1
4263,US.VT,28,23.1
4264,US.VT,29,74.8
4265,US.VT,30,76.5
4266,US.VT,31,27.8
4267,US.VT,32,123.1
4268,US.VT,33,113.6
4269,US.VT,34,1563.1
4270,US.VT,35,2268.8
4272,US.VT,37,33.4
4273,US.VT,38,15.6
4274,US.VT,39,12.7
4275,US.VT,40,216.5
4276,US.VT,41,69.4
4277,US.VT,42,0.2
4278,US.VT,43,110.5
4279,US.VT,44,56.0
4281,US.VT,46,315.9
4282,US.VT,47,22.1
4283,US.VT,48,392.2
4284,US.VT,49,104.7
4287,US.VT,52,467.6
4288,US.VT,53,138.4
4289,US.VT,54,1009.7
4290,US.VT,55,7.8
4292,US.VT,57,4193.4
4293,US.VT,58,153.5
4296,US.VT,61,291.9
4297,US.VT,62,518.2
4298,US.VT,63,1149.5
4299,US.VT,64,264.6
4301,US.VT,66,651.7
4302,US.VT,67,107.0
4304,US.VT,69,793.7
4306,US.VT,71,1403.2
4307,US.VT,72,1170.0
4308,US.VT,73,322.1
4309,US.VT,74,370.5
4312,US.VT,77,179.8
4313,US.VT,78,149.5
4315,US.VT,80,866.1
4316,US.VT,81,681.0
4317,US.VT,82,693.4
4319,US.VT,84,910.5
4320,US.VT,85,190.2
4321,US.VT,86,3362.8
4331,US.VA,4,1333.7
4332,US.VA,5,480.8
4334,US.VA,7,92.5
4335,US.VA,8,1168.8
4336,US.VA,9,76.2
4337,US.VA,10,7085.4
4338,US.VA,11,18949.5
4341,US.VA,14,1298.3
4342,US.VA,15,1169.8
4343,US.VA,16,549.7
4344,US.VA,17,2233.6
4345,US.VA,18,2278.5
4346,US.VA,19,2121.8
4347,US.VA,20,1026.6
4348,US.VA,21,1626.1
4349,US.VA,22,3680.5
4350,US.VA,23,768.8
4351,US.VA,24,664.4
4353,US.VA,26,17140.6
4354,US.VA,27,477.6
4355,US.VA,28,85.5
4356,US.VA,29,1113.6
4357,US.VA,30,775.3
4358,US.VA,31,333.9
4359,US.VA,32,3032.9
4360,US.VA,33,2345.1
4361,US.VA,34,20910.6
4362,US.VA,35,24758.8
4364,US.VA,37,3471.1
4365,US.VA,38,1066.6
4366,US.VA,39,541.8
4367,US.VA,40,2830.3
4368,US.VA,41,1137.5
4369,US.VA,42,142.4
4370,US.VA,43,2612.2
4371,US.VA,44,1301.6
4373,US.VA,46,3687.7
4374,US.VA,47,802.1
4375,US.VA,48,9686.8
4376,US.VA,49,5225.7
4379,US.VA,52,12881.4
4380,US.VA,53,2593.7
4381,US.VA,54,8081.9
4382,US.VA,55,302.6
4384,US.VA,57,64842.5
4385,US.VA,58,3401.7
4388,US.VA,61,4899.7
4389,US.VA,62,23216.6
4390,US.VA,63,33713.6
4391,US.VA,64,12056.8
4393,US.VA,66,15419.1
4394,US.VA,67,843.8
4396,US.VA,69,4907.5
4398,US.VA,71,16087.8
4399,US.VA,72,8341.3
4400,US.VA,73,3113.1
4401,US.VA,74,2631.5
4404,US.VA,77,1579.1
4405,US.VA,78,1414.7
4407,US.VA,80,2909.1
4408,US.VA,81,9603.1
4409,US.VA,82,12231.3
4411,US.VA,84,29496.8
4412,US.VA,85,19311.5
4413,US.VA,86,40566.0
4423,US.WA,4,5757.9
4424,US.WA,5,2172.7
4426,US.WA,7,3.3
4427,US.WA,8,346.7
4428,US.WA,9,26.4
4429,US.WA,10,4179.2
4430,US.WA,11,17804.5
4433,US.WA,14,1682.5
4434,US.WA,15,1336.9
4435,US.WA,16,948.3
4436,US.WA,17,1838.0
4437,US.WA,18,1652.3
4438,US.WA,19,3683.1
4439,US.WA,20,631.4
4440,US.WA,21,714.2
4441,US.WA,22,40591.0
4442,US.WA,23,411.4
4443,US.WA,24,1038.5
4445,US.WA,26,4656.1
4446,US.WA,27,162.4
4447,US.WA,28,100.8
4448,US.WA,29,1196.3
4449,US.WA,30,472.0
4450,US.WA,31,3918.5
4451,US.WA,32,1572.0
4452,US.WA,33,823.3
4453,US.WA,34,25940.7
4454,US.WA,35,33817.7
4456,US.WA,37,3811.6
4457,US.WA,38,1015.9
4458,US.WA,39,750.5
4459,US.WA,40,2834.2
4460,US.WA,41,731.0
4461,US.WA,42,47.9
4462,US.WA,43,3189.7
4463,US.WA,44,781.8
4465,US.WA,46,33980.6
4466,US.WA,47,530.8
4467,US.WA,48,9445.2
4468,US.WA,49,6470.4
4471,US.WA,52,6962.0
4472,US.WA,53,2290.2
4473,US.WA,54,7726.4
4474,US.WA,55,96.6
4476,US.WA,57,59063.2
4477,US.WA,58,4452.0
4480,US.WA,61,4916.1
4481,US.WA,62,7230.8
4482,US.WA,63,17794.6
4483,US.WA,64,6093.6
4485,US.WA,66,10080.6
4486,US.WA,67,2695.5
4488,US.WA,69,3028.5
4490,US.WA,71,14890.4
4491,US.WA,72,8582.8
4492,US.WA,73,2652.7
4493,US.WA,74,3235.6
4496,US.WA,77,1712.1
4497,US.WA,78,1889.7
4499,US.WA,80,3668.8
4500,US.WA,81,9759.5
4501,US.WA,82,9090.4
4503,US.WA,84,11457.6
4504,US.WA,85,7627.2
4505,US.WA,86,43638.0
4515,US.WV,4,206.4
4516,US.WV,5,125.1
4518,US.WV,7,2225.4
4519,US.WV,8,4031.7
4520,US.WV,9,530.6
4521,US.WV,10,2076.7
4522,US.WV,11,3416.1
4525,US.WV,14,343.9
4526,US.WV,15,354.3
4527,US.WV,16,738.9
4528,US.WV,17,425.1
4529,US.WV,18,141.0
4530,US.WV,19,89.5
4531,US.WV,20,59.7
4532,US.WV,21,529.3
4533,US.WV,22,334.1
4534,US.WV,23,43.4
4535,US.WV,24,159.0
4537,US.WV,26,219.1
4538,US.WV,27,10.3
4539,US.WV,28,9.1
4540,US.WV,29,54.2
4541,US.WV,30,58.0
4542,US.WV,31,509.2
4543,US.WV,32,2635.2
4544,US.WV,33,308.2
4545,US.WV,34,3615.0
4546,US.WV,35,4899.3
4548,US.WV,37,23.5
4549,US.WV,38,528.1
4550,US.WV,39,53.7
4551,US.WV,40,727.4
4552,US.WV,41,23.4
4553,US.WV,42,327.7
4554,US.WV,43,341.7
4555,US.WV,44,161.8
4557,US.WV,46,374.0
4558,US.WV,47,33.6
4559,US.WV,48,1051.8
4560,US.WV,49,192.0
4563,US.WV,52,1068.6
4564,US.WV,53,152.6
4565,US.WV,54,1313.1
4566,US.WV,55,23.3
4568,US.WV,57,6440.4
4569,US.WV,58,641.6
4572,US.WV,61,914.0
4573,US.WV,62,381.8
4574,US.WV,63,1591.0
4575,US.WV,64,666.0
4577,US.WV,66,1560.7
4578,US.WV,67,238.2
4580,US.WV,69,415.5
4582,US.WV,71,3167.5
4583,US.WV,72,2983.7
4584,US.WV,73,734.9
4585,US.WV,74,459.6
4588,US.WV,77,112.1
4589,US.WV,78,289.1
4591,US.WV,80,926.7
4592,US.WV,81,1598.9
4593,US.WV,82,1458.3
4595,US.WV,84,3058.3
4596,US.WV,85,391.5
4597,US.WV,86,8242.5
4607,US.WI,4,4715.3
4608,US.WI,5,542.4
4610,US.WI,7,2.0
4611,US.WI,8,1957.5
4612,US.WI,9,5.2
4613,US.WI,10,5471.0
4614,US.WI,11,11590.4
4617,US.WI,14,1259.2
4618,US.WI,15,1835.0
4619,US.WI,16,2018.1
4620,US.WI,17,6497.3
4621,US.WI,18,8315.7
4622,US.WI,19,3153.5
4623,US.WI,20,4212.7
4624,US.WI,21,2418.7
4625,US.WI,22,2233.4
4626,US.WI,23,1140.7
4627,US.WI,24,1362.4
4629,US.WI,26,8357.5
4630,US.WI,27,228.5
4631,US.WI,28,101.8
4632,US.WI,29,4620.5
4633,US.WI,30,2587.2
4634,US.WI,31,586.0
4635,US.WI,32,4719.1
4636,US.WI,33,3140.7
4637,US.WI,34,18607.3
4638,US.WI,35,16875.7
4640,US.WI,37,478.4
4641,US.WI,38,874.4
4642,US.WI,39,11.8
4643,US.WI,40,4312.0
4644,US.WI,41,1224.4
4645,US.WI,42,123.8
4646,US.WI,43,1096.6
4647,US.WI,44,971.4
4649,US.WI,46,4443.5
4650,US.WI,47,297.4
4651,US.WI,48,4195.5
4652,US.WI,49,1812.4
4655,US.WI,52,5721.0
4656,US.WI,53,1895.9
4657,US.WI,54,17555.2
4658,US.WI,55,58.6
4660,US.WI,57,33349.4
4661,US.WI,58,1853.1
4664,US.WI,61,2484.9
4665,US.WI,62,2568.5
4666,US.WI,63,8217.0
4667,US.WI,64,8200.1
4669,US.WI,66,6430.8
4670,US.WI,67,629.9
4672,US.WI,69,3372.6
4674,US.WI,71,12007.4
4675,US.WI,72,8557.1
4676,US.WI,73,3031.7
4677,US.WI,74,2220.5
4680,US.WI,77,1243.7
4681,US.WI,78,922.0
4683,US.WI,80,1733.8
4684,US.WI,81,5542.8
4685,US.WI,82,6486.3
4687,US.WI,84,3733.2
4688,US.WI,85,718.1
4689,US.WI,86,29569.2
4699,US.WY,4,643.3
4700,US.WY,5,70.0
4702,US.WY,7,2452.8
4703,US.WY,8,3132.7
4704,US.WY,9,1158.4
4705,US.WY,10,1010.7
4706,US.WY,11,2202.2
4709,US.WY,14,35.7
4710,US.WY,15,126.8
4711,US.WY,16,9.2
4712,US.WY,17,158.2
4713,US.WY,18,61.8
4714,US.WY,19,40.1
4715,US.WY,20,33.1
4716,US.WY,21,16.7
4717,US.WY,22,8.7
4718,US.WY,23,7.5
4719,US.WY,24,8.8
4721,US.WY,26,93.8
4722,US.WY,27,9.7
4723,US.WY,28,0.3
4724,US.WY,29,1.7
4725,US.WY,30,14.1
4726,US.WY,31,1139.4
4727,US.WY,32,560.5
4728,US.WY,33,37.1
4729,US.WY,34,1711.0
4730,US.WY,35,2095.9
4732,US.WY,37,51.7
4733,US.WY,38,1365.6
4734,US.WY,39,5.2
4735,US.WY,40,484.5
4736,US.WY,41,39.6
4737,US.WY,42,1050.7
4738,US.WY,43,171.0
4739,US.WY,44,83.4
4741,US.WY,46,96.2
4742,US.WY,47,38.2
4743,US.WY,48,433.0
4744,US.WY,49,58.2
4747,US.WY,52,483.3
4748,US.WY,53,78.7
4749,US.WY,54,342.7
4750,US.WY,55,69.2
4752,US.WY,57,3436.7
4753,US.WY,58,817.4
4756,US.WY,61,178.7
4757,US.WY,62,88.2
4758,US.WY,63,879.1
4759,US.WY,64,143.4
4761,US.WY,66,422.7
4762,US.WY,67,103.0
4764,US.WY,69,105.9
4766,US.WY,71,942.2
4767,US.WY,72,267.6
4768,US.WY,73,192.0
4769,US.WY,74,226.8
4772,US.WY,77,83.9
4773,US.WY,78,182.1
4775,US.WY,80,726.2
4776,US.WY,81,608.2
4777,US.WY,82,615.1
4779,US.WY,84,814.8
4780,US.WY,85,378.9
4781,US.WY,86,4956.4
