{"0": ["US.LA.BE", "US.LA.CC", "US.LA.CM", "US.LA.JD", "US.TX.AA", "US.TX.AU", "US.TX.BP", "US.TX.BE", "US.TX.BI", "US.TX.BZ", "US.TX.CW", "US.TX.CU", "US.TX.CH", "US.TX.CO", "US.TX.DE", "US.TX.FT", "US.TX.FR", "US.TX.GV", "US.TX.GI", "US.TX.GA", "US.TX.GM", "US.TX.GU", "US.TX.HN", "US.TX.RR", "US.TX.JA", "US.TX.JR", "US.TX.JE", "US.TX.LA", "US.TX.LE", "US.TX.LT", "US.TX.MD", "US.TX.MG", "US.TX.NE", "US.TX.NU", "US.TX.OR", "US.TX.PK", "US.TX.RF", "US.TX.SJ", "US.TX.SP", "US.TX.TY", "US.TX.VI", "US.TX.WK", "US.TX.WR", "US.TX.WH", "US.TX.WN"], "10000": ["US.LA.AL", "US.LA.VN", "US.TX.AG", "US.TX.BU", "US.TX.KS", "US.TX.KL"], "20000": ["US.TX.HY", "US.TX.SB", "US.TX.SG", "US.TX.TV", "US.TX.WS"], "30000": ["US.TX.NC", "US.TX.TR", "US.TX.WM"], "40000": ["US.LA.SB", "US.TX.OM", "US.TX.KE", "US.TX.MI"], "50000": ["US.LA.AD", "US.LA.EV", "US.LA.VM", "US.TX.BX", "US.TX.HS", "US.TX.JW", "US.TX.LK", "US.TX.AD", "US.TX.RO"]}