DATE,TXICLAIMS
1986-02-01,22574
1986-02-08,19638
1986-02-15,19819
1986-02-22,16404
1986-03-01,20129
1986-03-08,20292
1986-03-15,20395
1986-03-22,20286
1986-03-29,19945
1986-04-05,21189
1986-04-12,23558
1986-04-19,22023
1986-04-26,19051
1986-05-03,21091
1986-05-10,21851
1986-05-17,19106
1986-05-24,20386
1986-05-31,15409
1986-06-07,20577
1986-06-14,19206
1986-06-21,18876
1986-06-28,19220
1986-07-05,18829
1986-07-12,21523
1986-07-19,20243
1986-07-26,18719
1986-08-02,19096
1986-08-09,20362
1986-08-16,19656
1986-08-23,19137
1986-08-30,17780
1986-09-06,16817
1986-09-13,22886
1986-09-20,20139
1986-09-27,20422
1986-10-04,20998
1986-10-11,22144
1986-10-18,21537
1986-10-25,21203
1986-11-01,20246
1986-11-08,20720
1986-11-15,17562
1986-11-22,22964
1986-11-29,15751
1986-12-06,21918
1986-12-13,21855
1986-12-20,20353
1986-12-27,16523
1987-01-03,14289
1987-01-10,27361
1987-01-17,24948
1987-01-24,22378
1987-01-31,20918
1987-02-07,22219
1987-02-14,20251
1987-02-21,16532
1987-02-28,21032
1987-03-07,19841
1987-03-14,18433
1987-03-21,18973
1987-03-28,16604
1987-04-04,17786
1987-04-11,17607
1987-04-18,16211
1987-04-25,14790
1987-05-02,18319
1987-05-09,16013
1987-05-16,16881
1987-05-23,16423
1987-05-30,12980
1987-06-06,17079
1987-06-13,16546
1987-06-20,15665
1987-06-27,14460
1987-07-04,17071
1987-07-11,16240
1987-07-18,15035
1987-07-25,14917
1987-08-01,13795
1987-08-08,15043
1987-08-15,14350
1987-08-22,14932
1987-08-29,13456
1987-09-05,14238
1987-09-12,11555
1987-09-19,14945
1987-09-26,14211
1987-10-03,14782
1987-10-10,19150
1987-10-17,14921
1987-10-24,14782
1987-10-31,15412
1987-11-07,15335
1987-11-14,13748
1987-11-21,18982
1987-11-28,11566
1987-12-05,17941
1987-12-12,16945
1987-12-19,15226
1987-12-26,12411
1988-01-02,15434
1988-01-09,18091
1988-01-16,20619
1988-01-23,18791
1988-01-30,17233
1988-02-06,.
1988-02-13,16818
1988-02-20,13486
1988-02-27,16830
1988-03-05,14801
1988-03-12,15755
1988-03-19,14355
1988-03-26,13407
1988-04-02,11977
1988-04-09,14437
1988-04-16,13644
1988-04-23,13066
1988-04-30,12471
1988-05-07,13535
1988-05-14,12832
1988-05-21,12826
1988-05-28,13382
1988-06-04,10512
1988-06-11,13816
1988-06-18,12968
1988-06-25,12483
1988-07-02,13821
1988-07-09,12789
1988-07-16,15980
1988-07-23,14149
1988-07-30,13451
1988-08-06,13449
1988-08-13,13395
1988-08-20,12552
1988-08-27,13354
1988-09-03,13185
1988-09-10,12331
1988-09-17,14421
1988-09-24,12741
1988-10-01,12983
1988-10-08,14474
1988-10-15,14448
1988-10-22,14405
1988-10-29,14175
1988-11-05,14867
1988-11-12,12777
1988-11-19,17058
1988-11-26,10798
1988-12-03,16868
1988-12-10,16072
1988-12-17,14087
1988-12-24,16871
1988-12-31,10713
1989-01-07,15112
1989-01-14,19089
1989-01-21,16064
1989-01-28,16287
1989-02-04,15416
1989-02-11,14069
1989-02-18,15130
1989-02-25,12255
1989-03-04,13996
1989-03-11,13393
1989-03-18,12927
1989-03-25,11966
1989-04-01,10630
1989-04-08,13145
1989-04-15,13066
1989-04-22,12403
1989-04-29,11419
1989-05-06,9421
1989-05-13,13898
1989-05-20,11824
1989-05-27,11703
1989-06-03,10498
1989-06-10,13329
1989-06-17,12965
1989-06-24,12532
1989-07-01,12206
1989-07-08,10425
1989-07-15,16031
1989-07-22,14896
1989-07-29,13705
1989-08-05,12575
1989-08-12,13178
1989-08-19,12463
1989-08-26,12164
1989-09-02,12900
1989-09-09,11035
1989-09-16,15253
1989-09-23,14172
1989-09-30,12643
1989-10-07,14274
1989-10-14,14139
1989-10-21,15819
1989-10-28,15154
1989-11-04,14172
1989-11-11,14887
1989-11-18,15604
1989-11-25,15351
1989-12-02,15356
1989-12-09,16645
1989-12-16,15977
1989-12-23,16655
1989-12-30,15718
1990-01-06,11870
1990-01-13,18406
1990-01-20,19937
1990-01-27,17739
1990-02-03,17507
1990-02-10,18883
1990-02-17,15738
1990-02-24,13824
1990-03-03,14469
1990-03-10,15189
1990-03-17,15531
1990-03-24,13951
1990-03-31,12749
1990-04-07,13153
1990-04-14,13640
1990-04-21,12018
1990-04-28,13033
1990-05-05,11655
1990-05-12,12262
1990-05-19,11529
1990-05-26,13176
1990-06-02,10539
1990-06-09,12152
1990-06-16,12952
1990-06-23,12177
1990-06-30,13041
1990-07-07,12663
1990-07-14,13145
1990-07-21,13703
1990-07-28,12638
1990-08-04,13393
1990-08-11,13804
1990-08-18,12384
1990-08-25,12683
1990-09-01,11841
1990-09-08,12049
1990-09-15,12458
1990-09-22,12462
1990-09-29,12704
1990-10-06,13159
1990-10-13,14376
1990-10-20,15693
1990-10-27,16097
1990-11-03,14796
1990-11-10,16283
1990-11-17,17371
1990-11-24,14866
1990-12-01,15546
1990-12-08,18412
1990-12-15,17432
1990-12-22,18562
1990-12-29,11082
1991-01-05,11782
1991-01-12,22051
1991-01-19,24492
1991-01-26,19418
1991-02-02,18052
1991-02-09,18674
1991-02-16,16723
1991-02-23,15976
1991-03-02,14043
1991-03-09,14807
1991-03-16,13843
1991-03-23,14403
1991-03-30,15344
1991-04-06,11788
1991-04-13,14622
1991-04-20,15738
1991-04-27,13910
1991-05-04,13347
1991-05-11,14129
1991-05-18,13805
1991-05-25,14225
1991-06-01,11074
1991-06-08,15073
1991-06-15,15187
1991-06-22,14069
1991-06-29,13778
1991-07-06,14777
1991-07-13,18181
1991-07-20,15012
1991-07-27,14665
1991-08-03,14537
1991-08-10,16731
1991-08-17,13868
1991-08-24,14055
1991-08-31,14076
1991-09-07,12282
1991-09-14,14718
1991-09-21,15109
1991-09-28,15642
1991-10-05,14954
1991-10-12,21212
1991-10-19,16646
1991-10-26,16212
1991-11-02,18027
1991-11-09,18110
1991-11-16,16573
1991-11-23,19122
1991-11-30,16140
1991-12-07,13300
1991-12-14,20902
1991-12-21,20286
1991-12-28,15748
1992-01-04,15652
1992-01-11,23742
1992-01-18,18579
1992-01-25,21569
1992-02-01,21230
1992-02-08,17825
1992-02-15,21928
1992-02-22,15357
1992-02-29,20048
1992-03-07,16114
1992-03-14,16833
1992-03-21,19687
1992-03-28,16041
1992-04-04,16228
1992-04-11,17068
1992-04-18,19557
1992-04-25,15216
1992-05-02,17090
1992-05-09,16242
1992-05-16,14921
1992-05-23,16304
1992-05-30,15350
1992-06-06,16810
1992-06-13,17691
1992-06-20,16819
1992-06-27,15367
1992-07-04,16513
1992-07-11,16170
1992-07-18,17195
1992-07-25,16556
1992-08-01,15374
1992-08-08,17347
1992-08-15,15175
1992-08-22,15203
1992-08-29,14742
1992-09-05,14955
1992-09-12,13377
1992-09-19,13871
1992-09-26,14712
1992-10-03,14359
1992-10-10,16609
1992-10-17,15943
1992-10-24,15451
1992-10-31,15594
1992-11-07,17023
1992-11-14,15268
1992-11-21,17546
1992-11-28,14137
1992-12-05,17985
1992-12-12,18926
1992-12-19,17129
1992-12-26,15677
1993-01-02,14860
1993-01-09,18223
1993-01-16,22026
1993-01-23,16978
1993-01-30,18267
1993-02-06,16269
1993-02-13,13582
1993-02-20,17238
1993-02-27,14993
1993-03-06,14477
1993-03-13,14610
1993-03-20,14751
1993-03-27,14352
1993-04-03,13075
1993-04-10,14787
1993-04-17,13934
1993-04-24,13778
1993-05-01,15486
1993-05-08,13225
1993-05-15,13564
1993-05-22,13678
1993-05-29,15414
1993-06-05,12754
1993-06-12,15227
1993-06-19,14525
1993-06-26,15057
1993-07-03,14204
1993-07-10,14579
1993-07-17,16128
1993-07-24,14406
1993-07-31,15250
1993-08-07,14424
1993-08-14,13174
1993-08-21,13837
1993-08-28,13206
1993-09-04,13345
1993-09-11,12931
1993-09-18,12892
1993-09-25,13279
1993-10-02,13318
1993-10-09,15134
1993-10-16,16156
1993-10-23,16801
1993-10-30,16693
1993-11-06,16235
1993-11-13,16363
1993-11-20,15770
1993-11-27,13698
1993-12-04,15863
1993-12-11,17935
1993-12-18,16205
1993-12-25,19233
1994-01-01,15307
1994-01-08,18491
1994-01-15,20720
1994-01-22,16996
1994-01-29,17042
1994-02-05,16747
1994-02-12,15376
1994-02-19,15017
1994-02-26,13043
1994-03-05,13244
1994-03-12,14004
1994-03-19,13761
1994-03-26,13522
1994-04-02,12902
1994-04-09,13304
1994-04-16,14174
1994-04-23,13466
1994-04-30,12982
1994-05-07,13764
1994-05-14,14716
1994-05-21,14182
1994-05-28,14504
1994-06-04,13282
1994-06-11,13616
1994-06-18,13571
1994-06-25,13382
1994-07-02,12889
1994-07-09,12863
1994-07-16,15006
1994-07-23,13895
1994-07-30,13364
1994-08-06,13045
1994-08-13,12598
1994-08-20,13710
1994-08-27,12604
1994-09-03,12699
1994-09-10,12136
1994-09-17,12001
1994-09-24,12026
1994-10-01,13532
1994-10-08,14377
1994-10-15,14569
1994-10-22,12929
1994-10-29,14954
1994-11-05,15513
1994-11-12,16421
1994-11-19,14475
1994-11-26,12192
1994-12-03,15860
1994-12-10,16691
1994-12-17,14585
1994-12-24,17970
1994-12-31,14223
1995-01-07,14519
1995-01-14,20387
1995-01-21,17587
1995-01-28,15942
1995-02-04,14686
1995-02-11,14954
1995-02-18,13527
1995-02-25,12300
1995-03-04,12313
1995-03-11,13981
1995-03-18,14904
1995-03-25,12761
1995-04-01,11938
1995-04-08,13606
1995-04-15,13781
1995-04-22,12180
1995-04-29,13337
1995-05-06,12928
1995-05-13,13423
1995-05-20,13254
1995-05-27,13659
1995-06-03,12839
1995-06-10,15377
1995-06-17,14811
1995-06-24,13541
1995-07-01,13459
1995-07-08,12863
1995-07-15,15040
1995-07-22,14101
1995-07-29,12948
1995-08-05,13809
1995-08-12,14039
1995-08-19,13984
1995-08-26,13343
1995-09-02,12746
1995-09-09,12372
1995-09-16,13615
1995-09-23,13334
1995-09-30,13619
1995-10-07,14556
1995-10-14,15682
1995-10-21,13699
1995-10-28,13379
1995-11-04,14238
1995-11-11,15240
1995-11-18,14604
1995-11-25,12253
1995-12-02,14709
1995-12-09,16421
1995-12-16,14256
1995-12-23,17812
1995-12-30,12931
1996-01-06,11850
1996-01-13,19332
1996-01-20,16683
1996-01-27,17120
1996-02-03,12124
1996-02-10,16671
1996-02-17,14703
1996-02-24,13297
1996-03-02,11665
1996-03-09,12688
1996-03-16,12355
1996-03-23,13491
1996-03-30,12524
1996-04-06,14848
1996-04-13,12623
1996-04-20,12846
1996-04-27,11813
1996-05-04,12201
1996-05-11,12031
1996-05-18,12138
1996-05-25,12804
1996-06-01,13011
1996-06-08,12455
1996-06-15,13972
1996-06-22,12638
1996-06-29,13583
1996-07-06,14174
1996-07-13,12613
1996-07-20,15133
1996-07-27,13448
1996-08-03,11843
1996-08-10,12771
1996-08-17,12108
1996-08-24,12687
1996-08-31,11693
1996-09-07,12137
1996-09-14,12823
1996-09-21,12693
1996-09-28,12312
1996-10-05,12624
1996-10-12,13476
1996-10-19,12634
1996-10-26,13231
1996-11-02,13311
1996-11-09,12675
1996-11-16,12993
1996-11-23,15630
1996-11-30,16281
1996-12-07,12228
1996-12-14,18233
1996-12-21,22341
1996-12-28,13320
1997-01-04,14715
1997-01-11,20582
1997-01-18,13909
1997-01-25,18834
1997-02-01,13614
1997-02-08,14892
1997-02-15,13316
1997-02-22,14401
1997-03-01,12235
1997-03-08,13501
1997-03-15,14024
1997-03-22,13304
1997-03-29,11314
1997-04-05,13268
1997-04-12,15163
1997-04-19,11060
1997-04-26,13131
1997-05-03,12260
1997-05-10,12969
1997-05-17,12556
1997-05-24,13115
1997-05-31,13473
1997-06-07,14114
1997-06-14,12583
1997-06-21,12858
1997-06-28,13224
1997-07-05,15283
1997-07-12,13244
1997-07-19,12854
1997-07-26,13412
1997-08-02,12756
1997-08-09,16415
1997-08-16,13255
1997-08-23,12541
1997-08-30,11746
1997-09-06,12298
1997-09-13,10941
1997-09-20,13637
1997-09-27,10907
1997-10-04,11524
1997-10-11,15349
1997-10-18,12782
1997-10-25,12555
1997-11-01,12466
1997-11-08,13491
1997-11-15,13964
1997-11-22,13732
1997-11-29,15674
1997-12-06,11798
1997-12-13,13025
1997-12-20,16227
1997-12-27,19102
1998-01-03,5999
1998-01-10,18258
1998-01-17,16742
1998-01-24,13927
1998-01-31,11909
1998-02-07,13022
1998-02-14,11977
1998-02-21,11879
1998-02-28,10244
1998-03-07,13337
1998-03-14,12127
1998-03-21,13227
1998-03-28,13038
1998-04-04,11893
1998-04-11,13589
1998-04-18,11196
1998-04-25,10990
1998-05-02,11087
1998-05-09,12784
1998-05-16,11973
1998-05-23,13636
1998-05-30,13202
1998-06-06,13162
1998-06-13,12112
1998-06-20,14229
1998-06-27,13699
1998-07-04,15125
1998-07-11,15107
1998-07-18,13449
1998-07-25,12761
1998-08-01,12365
1998-08-08,12909
1998-08-15,12240
1998-08-22,13331
1998-08-29,12477
1998-09-05,13399
1998-09-12,11473
1998-09-19,11581
1998-09-26,11496
1998-10-03,12120
1998-10-10,15683
1998-10-17,13092
1998-10-24,14442
1998-10-31,16530
1998-11-07,19534
1998-11-14,16939
1998-11-21,16132
1998-11-28,14441
1998-12-05,14043
1998-12-12,16584
1998-12-19,19641
1998-12-26,15472
1999-01-02,11668
1999-01-09,20306
1999-01-16,18499
1999-01-23,16052
1999-01-30,15109
1999-02-06,16104
1999-02-13,14377
1999-02-20,13778
1999-02-27,12394
1999-03-06,15621
1999-03-13,15681
1999-03-20,14234
1999-03-27,13518
1999-04-03,13700
1999-04-10,16870
1999-04-17,14235
1999-04-24,14356
1999-05-01,13876
1999-05-08,15610
1999-05-15,14744
1999-05-22,14741
1999-05-29,16417
1999-06-05,17395
1999-06-12,13236
1999-06-19,14073
1999-06-26,14470
1999-07-03,14664
1999-07-10,15680
1999-07-17,13430
1999-07-24,13116
1999-07-31,13020
1999-08-07,13412
1999-08-14,13259
1999-08-21,13292
1999-08-28,12718
1999-09-04,15350
1999-09-11,15091
1999-09-18,10783
1999-09-25,11611
1999-10-02,11866
1999-10-09,15510
1999-10-16,12948
1999-10-23,14247
1999-10-30,13453
1999-11-06,15361
1999-11-13,14538
1999-11-20,14149
1999-11-27,15459
1999-12-04,13517
1999-12-11,13879
1999-12-18,15014
1999-12-25,15585
2000-01-01,8310
2000-01-08,18872
2000-01-15,15218
2000-01-22,14151
2000-01-29,12024
2000-02-05,13771
2000-02-12,12411
2000-02-19,11631
2000-02-26,12097
2000-03-04,11382
2000-03-11,12074
2000-03-18,13925
2000-03-25,11611
2000-04-01,10863
2000-04-08,14913
2000-04-15,12329
2000-04-22,11431
2000-04-29,11740
2000-05-06,12480
2000-05-13,12827
2000-05-20,13320
2000-05-27,13447
2000-06-03,15081
2000-06-10,12683
2000-06-17,12959
2000-06-24,12720
2000-07-01,14279
2000-07-08,15123
2000-07-15,11551
2000-07-22,12814
2000-07-29,12071
2000-08-05,14270
2000-08-12,12547
2000-08-19,13007
2000-08-26,12761
2000-09-02,15067
2000-09-09,13480
2000-09-16,11944
2000-09-23,11577
2000-09-30,11968
2000-10-07,17593
2000-10-14,14105
2000-10-21,13113
2000-10-28,13421
2000-11-04,14710
2000-11-11,16914
2000-11-18,18344
2000-11-25,13055
2000-12-02,14514
2000-12-09,14971
2000-12-16,14545
2000-12-23,15346
2000-12-30,17745
2001-01-06,12071
2001-01-13,18541
2001-01-20,16796
2001-01-27,14859
2001-02-03,15456
2001-02-10,14792
2001-02-17,13916
2001-02-24,14885
2001-03-03,13809
2001-03-10,17274
2001-03-17,16092
2001-03-24,16028
2001-03-31,16466
2001-04-07,20182
2001-04-14,15175
2001-04-21,17253
2001-04-28,16557
2001-05-05,18143
2001-05-12,16852
2001-05-19,18701
2001-05-26,17254
2001-06-02,19196
2001-06-09,16879
2001-06-16,17372
2001-06-23,17415
2001-06-30,21124
2001-07-07,20157
2001-07-14,17211
2001-07-21,17533
2001-07-28,17491
2001-08-04,18387
2001-08-11,16267
2001-08-18,16933
2001-08-25,17223
2001-09-01,18527
2001-09-08,18693
2001-09-15,14837
2001-09-22,18562
2001-09-29,21217
2001-10-06,22852
2001-10-13,24492
2001-10-20,22297
2001-10-27,23465
2001-11-03,22477
2001-11-10,24444
2001-11-17,20092
2001-11-24,23866
2001-12-01,19123
2001-12-08,26019
2001-12-15,22536
2001-12-22,26735
2001-12-29,17437
2002-01-05,17031
2002-01-12,26115
2002-01-19,22875
2002-01-26,21413
2002-02-02,18836
2002-02-09,20255
2002-02-16,17778
2002-02-23,19044
2002-03-02,16489
2002-03-09,19582
2002-03-16,19250
2002-03-23,18092
2002-03-30,16717
2002-04-06,20763
2002-04-13,20552
2002-04-20,21639
2002-04-27,22731
2002-05-04,24868
2002-05-11,22837
2002-05-18,22851
2002-05-25,20685
2002-06-01,20331
2002-06-08,22437
2002-06-15,20326
2002-06-22,19453
2002-06-29,21639
2002-07-06,24235
2002-07-13,18599
2002-07-20,20075
2002-07-27,19427
2002-08-03,22072
2002-08-10,19451
2002-08-17,18887
2002-08-24,19441
2002-08-31,18928
2002-09-07,21763
2002-09-14,17444
2002-09-21,19077
2002-09-28,19335
2002-10-05,20631
2002-10-12,21609
2002-10-19,20677
2002-10-26,20503
2002-11-02,23245
2002-11-09,22220
2002-11-16,21220
2002-11-23,21318
2002-11-30,21382
2002-12-07,18090
2002-12-14,21263
2002-12-21,23854
2002-12-28,20716
2003-01-04,14384
2003-01-11,26623
2003-01-18,23836
2003-01-25,19481
2003-02-01,18044
2003-02-08,21984
2003-02-15,21274
2003-02-22,19950
2003-03-01,15848
2003-03-08,22310
2003-03-15,24178
2003-03-22,20662
2003-03-29,20336
2003-04-05,22242
2003-04-12,23581
2003-04-19,20169
2003-04-26,20596
2003-05-03,20973
2003-05-10,20033
2003-05-17,20214
2003-05-24,20923
2003-05-31,21303
2003-06-07,22545
2003-06-14,20504
2003-06-21,19904
2003-06-28,21806
2003-07-05,23377
2003-07-12,19925
2003-07-19,19559
2003-07-26,18779
2003-08-02,18705
2003-08-09,19217
2003-08-16,18321
2003-08-23,19363
2003-08-30,18776
2003-09-06,19046
2003-09-13,16712
2003-09-20,18596
2003-09-27,17610
2003-10-04,19231
2003-10-11,21607
2003-10-18,19192
2003-10-25,20444
2003-11-01,19936
2003-11-08,21311
2003-11-15,19829
2003-11-22,19620
2003-11-29,19907
2003-12-06,16823
2003-12-13,18684
2003-12-20,21426
2003-12-27,21838
2004-01-03,11456
2004-01-10,25141
2004-01-17,22686
2004-01-24,19298
2004-01-31,16471
2004-02-07,19673
2004-02-14,17472
2004-02-21,17073
2004-02-28,15235
2004-03-06,18113
2004-03-13,17757
2004-03-20,16786
2004-03-27,15888
2004-04-03,17053
2004-04-10,18892
2004-04-17,16672
2004-04-24,17026
2004-05-01,16816
2004-05-08,17129
2004-05-15,17675
2004-05-22,17800
2004-05-29,20274
2004-06-05,18971
2004-06-12,15567
2004-06-19,17512
2004-06-26,16432
2004-07-03,18579
2004-07-10,20493
2004-07-17,18100
2004-07-24,17107
2004-07-31,15807
2004-08-07,17473
2004-08-14,15320
2004-08-21,16415
2004-08-28,15964
2004-09-04,17626
2004-09-11,14999
2004-09-18,15277
2004-09-25,14446
2004-10-02,15181
2004-10-09,19706
2004-10-16,17306
2004-10-23,16311
2004-10-30,16572
2004-11-06,18444
2004-11-13,18665
2004-11-20,20237
2004-11-27,15988
2004-12-04,15292
2004-12-11,16250
2004-12-18,18138
2004-12-25,18676
2005-01-01,12240
2005-01-08,24996
2005-01-15,18263
2005-01-22,14663
2005-01-29,15914
2005-02-05,15981
2005-02-12,14787
2005-02-19,13235
2005-02-26,13892
2005-03-05,13011
2005-03-12,16010
2005-03-19,18181
2005-03-26,14035
2005-04-02,13922
2005-04-09,17212
2005-04-16,14273
2005-04-23,17247
2005-04-30,14672
2005-05-07,15249
2005-05-14,15213
2005-05-21,16925
2005-05-28,18240
2005-06-04,17248
2005-06-11,13363
2005-06-18,14344
2005-06-25,14123
2005-07-02,16980
2005-07-09,19407
2005-07-16,13040
2005-07-23,15077
2005-07-30,13931
2005-08-06,14334
2005-08-13,14140
2005-08-20,14055
2005-08-27,13687
2005-09-03,19300
2005-09-10,22806
2005-09-17,11364
2005-09-24,11110
2005-10-01,29041
2005-10-08,30949
2005-10-15,21705
2005-10-22,17625
2005-10-29,15438
2005-11-05,15469
2005-11-12,14175
2005-11-19,17553
2005-11-26,13300
2005-12-03,12806
2005-12-10,14169
2005-12-17,14323
2005-12-24,16120
2005-12-31,12334
2006-01-07,16082
2006-01-14,15283
2006-01-21,13809
2006-01-28,11757
2006-02-04,12652
2006-02-11,12027
2006-02-18,11553
2006-02-25,11596
2006-03-04,11162
2006-03-11,14049
2006-03-18,12233
2006-03-25,10884
2006-04-01,11903
2006-04-08,14287
2006-04-15,11291
2006-04-22,12473
2006-04-29,11732
2006-05-06,13090
2006-05-13,12451
2006-05-20,13087
2006-05-27,16358
2006-06-03,14222
2006-06-10,12157
2006-06-17,12550
2006-06-24,13010
2006-07-01,13811
2006-07-08,16488
2006-07-15,11773
2006-07-22,12376
2006-07-29,13122
2006-08-05,13021
2006-08-12,12159
2006-08-19,12049
2006-08-26,12222
2006-09-02,12811
2006-09-09,11981
2006-09-16,10329
2006-09-23,11119
2006-09-30,11507
2006-10-07,13144
2006-10-14,12306
2006-10-21,12120
2006-10-28,11680
2006-11-04,14075
2006-11-11,12753
2006-11-18,14953
2006-11-25,19859
2006-12-02,14252
2006-12-09,13500
2006-12-16,13302
2006-12-23,17091
2006-12-30,11423
2007-01-06,12699
2007-01-13,16331
2007-01-20,11349
2007-01-27,14371
2007-02-03,12348
2007-02-10,11851
2007-02-17,11031
2007-02-24,10477
2007-03-03,11865
2007-03-10,14702
2007-03-17,12129
2007-03-24,11644
2007-03-31,11373
2007-04-07,13540
2007-04-14,12119
2007-04-21,12512
2007-04-28,11466
2007-05-05,12506
2007-05-12,12173
2007-05-19,12751
2007-05-26,14900
2007-06-02,12984
2007-06-09,13885
2007-06-16,12433
2007-06-23,12104
2007-06-30,12664
2007-07-07,13403
2007-07-14,12719
2007-07-21,12488
2007-07-28,11496
2007-08-04,12384
2007-08-11,12694
2007-08-18,11386
2007-08-25,11539
2007-09-01,13068
2007-09-08,10598
2007-09-15,11520
2007-09-22,11439
2007-09-29,12751
2007-10-06,12528
2007-10-13,12809
2007-10-20,11912
2007-10-27,12562
2007-11-03,12983
2007-11-10,13779
2007-11-17,14876
2007-11-24,11451
2007-12-01,14542
2007-12-08,13787
2007-12-15,13545
2007-12-22,17933
2007-12-29,9309
2008-01-05,12388
2008-01-12,16181
2008-01-19,14692
2008-01-26,11805
2008-02-02,12968
2008-02-09,12714
2008-02-16,11990
2008-02-23,11881
2008-03-01,12442
2008-03-08,13072
2008-03-15,15247
2008-03-22,12700
2008-03-29,12344
2008-04-05,14721
2008-04-12,14823
2008-04-19,16760
2008-04-26,13387
2008-05-03,13463
2008-05-10,13663
2008-05-17,13705
2008-05-24,13503
2008-05-31,14513
2008-06-07,17244
2008-06-14,14580
2008-06-21,13903
2008-06-28,15440
2008-07-05,13084
2008-07-12,15782
2008-07-19,16944
2008-07-26,13744
2008-08-02,15671
2008-08-09,15261
2008-08-16,14393
2008-08-23,16465
2008-08-30,15650
2008-09-06,12395
2008-09-13,13625
2008-09-20,35860
2008-09-27,49398
2008-10-04,31480
2008-10-11,25512
2008-10-18,24679
2008-10-25,18781
2008-11-01,19982
2008-11-08,21205
2008-11-15,20697
2008-11-22,25399
2008-11-29,18270
2008-12-06,27368
2008-12-13,24785
2008-12-20,27724
2008-12-27,14492
2009-01-03,21677
2009-01-10,30830
2009-01-17,31367
2009-01-24,24183
2009-01-31,25646
2009-02-07,29038
2009-02-14,27851
2009-02-21,26829
2009-02-28,26562
2009-03-07,30569
2009-03-14,31597
2009-03-21,26775
2009-03-28,25623
2009-04-04,29357
2009-04-11,26651
2009-04-18,24333
2009-04-25,24649
2009-05-02,25239
2009-05-09,25579
2009-05-16,25596
2009-05-23,27144
2009-05-30,24258
2009-06-06,27807
2009-06-13,26456
2009-06-20,23697
2009-06-27,23453
2009-07-04,23650
2009-07-11,25376
2009-07-18,22968
2009-07-25,22578
2009-08-01,21447
2009-08-08,23016
2009-08-15,20459
2009-08-22,19927
2009-08-29,22764
2009-09-05,21955
2009-09-12,17332
2009-09-19,21278
2009-09-26,21141
2009-10-03,22432
2009-10-10,24063
2009-10-17,21720
2009-10-24,22230
2009-10-31,23195
2009-11-07,24954
2009-11-14,20244
2009-11-21,23744
2009-11-28,14225
2009-12-05,26447
2009-12-12,21859
2009-12-19,21065
2009-12-26,13109
2010-01-02,16583
2010-01-09,32475
2010-01-16,24421
2010-01-23,19985
2010-01-30,21108
2010-02-06,21864
2010-02-13,19228
2010-02-20,18206
2010-02-27,19646
2010-03-06,20525
2010-03-13,18933
2010-03-20,17567
2010-03-27,21207
2010-04-03,18069
2010-04-10,22645
2010-04-17,20149
2010-04-24,19628
2010-05-01,19643
2010-05-08,20207
2010-05-15,19563
2010-05-22,20042
2010-05-29,18979
2010-06-05,18360
2010-06-12,21331
2010-06-19,20268
2010-06-26,20490
2010-07-03,19812
2010-07-10,21927
2010-07-17,21123
2010-07-24,19095
2010-07-31,19358
2010-08-07,20429
2010-08-14,19271
2010-08-21,18941
2010-08-28,19683
2010-09-04,20492
2010-09-11,16674
2010-09-18,18526
2010-09-25,18445
2010-10-02,18660
2010-10-09,23331
2010-10-16,18946
2010-10-23,19581
2010-10-30,19044
2010-11-06,20679
2010-11-13,18047
2010-11-20,21046
2010-11-27,12304
2010-12-04,24115
2010-12-11,19988
2010-12-18,18494
2010-12-25,14590
2011-01-01,15967
2011-01-08,29795
2011-01-15,22605
2011-01-22,18281
2011-01-29,18897
2011-02-05,15240
2011-02-12,17411
2011-02-19,16580
2011-02-26,14873
2011-03-05,17701
2011-03-12,16709
2011-03-19,15622
2011-03-26,19488
2011-04-02,16575
2011-04-09,21683
2011-04-16,17801
2011-04-23,17682
2011-04-30,18678
2011-05-07,19549
2011-05-14,18431
2011-05-21,18337
2011-05-28,17678
2011-06-04,17871
2011-06-11,21204
2011-06-18,19672
2011-06-25,19620
2011-07-02,19269
2011-07-09,20025
2011-07-16,20240
2011-07-23,19439
2011-07-30,17611
2011-08-06,18985
2011-08-13,17295
2011-08-20,17824
2011-08-27,17731
2011-09-03,18970
2011-09-10,15194
2011-09-17,17271
2011-09-24,16504
2011-10-01,16382
2011-10-08,21026
2011-10-15,17537
2011-10-22,17892
2011-10-29,17538
2011-11-05,19873
2011-11-12,17042
2011-11-19,20143
2011-11-26,11600
2011-12-03,22081
2011-12-10,18101
2011-12-17,16354
2011-12-24,15478
2011-12-31,13093
2012-01-07,27039
2012-01-14,20159
2012-01-21,16128
2012-01-28,17613
2012-02-04,16983
2012-02-11,15730
2012-02-18,15549
2012-02-25,14014
2012-03-03,16130
2012-03-10,15917
2012-03-17,14130
2012-03-24,18315
2012-03-31,15365
2012-04-07,18997
2012-04-14,17012
2012-04-21,16932
2012-04-28,17169
2012-05-05,18398
2012-05-12,16952
2012-05-19,18600
2012-05-26,18224
2012-06-02,16370
2012-06-09,20398
2012-06-16,19631
2012-06-23,19471
2012-06-30,17275
2012-07-07,18599
2012-07-14,19300
2012-07-21,17402
2012-07-28,16640
2012-08-04,17304
2012-08-11,16644
2012-08-18,17161
2012-08-25,17287
2012-09-01,18091
2012-09-08,17074
2012-09-15,16711
2012-09-22,16612
2012-09-29,15739
2012-10-06,17463
2012-10-13,18792
2012-10-20,17220
2012-10-27,16681
2012-11-03,17071
2012-11-10,18603
2012-11-17,18504
2012-11-24,12079
2012-12-01,22514
2012-12-08,18664
2012-12-15,17128
2012-12-22,16952
2012-12-29,9477
2013-01-05,18146
2013-01-12,30932
2013-01-19,20484
2013-01-26,15402
2013-02-02,17473
2013-02-09,17112
2013-02-16,16273
2013-02-23,14939
2013-03-02,15746
2013-03-09,16386
2013-03-16,15569
2013-03-23,18305
2013-03-30,14816
2013-04-06,17261
2013-04-13,20311
2013-04-20,17241
2013-04-27,16799
2013-05-04,17294
2013-05-11,17368
2013-05-18,17696
2013-05-25,17088
2013-06-01,15212
2013-06-08,18219
2013-06-15,17761
2013-06-22,17997
2013-06-29,18488
2013-07-06,15355
2013-07-13,21356
2013-07-20,18971
2013-07-27,16189
2013-08-03,17340
2013-08-10,16446
2013-08-17,16226
2013-08-24,15472
2013-08-31,15764
2013-09-07,14773
2013-09-14,16054
2013-09-21,16036
2013-09-28,14781
2013-10-05,16206
2013-10-12,16283
2013-10-19,15299
2013-10-26,16070
2013-11-02,16669
2013-11-09,18405
2013-11-16,15821
2013-11-23,17920
2013-11-30,10636
2013-12-07,20397
2013-12-14,15493
2013-12-21,16033
2013-12-28,9310
2014-01-04,15948
2014-01-11,28748
2014-01-18,19959
2014-01-25,15807
2014-02-01,16699
2014-02-08,17139
2014-02-15,15530
2014-02-22,13913
2014-03-01,15158
2014-03-08,15544
2014-03-15,14171
2014-03-22,16595
2014-03-29,14774
2014-04-05,16139
2014-04-12,17931
2014-04-19,14813
2014-04-26,15360
2014-05-03,16507
2014-05-10,16130
2014-05-17,16955
2014-05-24,16695
2014-05-31,15735
2014-06-07,17835
2014-06-14,16494
2014-06-21,16722
2014-06-28,16951
2014-07-05,14028
2014-07-12,19175
2014-07-19,16211
2014-07-26,14457
2014-08-02,14149
2014-08-09,14908
2014-08-16,13858
2014-08-23,14166
2014-08-30,14089
2014-09-06,13798
2014-09-13,13473
2014-09-20,13141
2014-09-27,12506
2014-10-04,14482
2014-10-11,16097
2014-10-18,14377
2014-10-25,13819
2014-11-01,14054
2014-11-08,16440
2014-11-15,15335
2014-11-22,16016
2014-11-29,9703
2014-12-06,18810
2014-12-13,14828
2014-12-20,15057
2014-12-27,8049
2015-01-03,13471
2015-01-10,25783
2015-01-17,19674
2015-01-24,17117
2015-01-31,17981
2015-02-07,20418
2015-02-14,17999
2015-02-21,17182
2015-02-28,17136
2015-03-07,19075
2015-03-14,17302
2015-03-21,19337
2015-03-28,18361
2015-04-04,18356
2015-04-11,21023
2015-04-18,18860
2015-04-25,17372
2015-05-02,17228
2015-05-09,17348
2015-05-16,17021
2015-05-23,17595
2015-05-30,15015
2015-06-06,18504
2015-06-13,16929
2015-06-20,17436
2015-06-27,18491
2015-07-04,16086
2015-07-11,19605
2015-07-18,16431
2015-07-25,16270
2015-08-01,16281
2015-08-08,16692
2015-08-15,15621
2015-08-22,15367
2015-08-29,15925
2015-09-05,17045
2015-09-12,13476
2015-09-19,15661
2015-09-26,15160
2015-10-03,16483
2015-10-10,19110
2015-10-17,16217
2015-10-24,16449
2015-10-31,16966
2015-11-07,19421
2015-11-14,16301
2015-11-21,18146
2015-11-28,10921
2015-12-05,21703
2015-12-12,17168
2015-12-19,16016
2015-12-26,10933
2016-01-02,12859
2016-01-09,26258
2016-01-16,19126
2016-01-23,16838
2016-01-30,17635
2016-02-06,19309
2016-02-13,16967
2016-02-20,15977
2016-02-27,16936
2016-03-05,17643
2016-03-12,16955
2016-03-19,16306
2016-03-26,17361
2016-04-02,16427
2016-04-09,19103
2016-04-16,16564
2016-04-23,16288
2016-04-30,16133
2016-05-07,17074
2016-05-14,17346
2016-05-21,17421
2016-05-28,17101
2016-06-04,16543
2016-06-11,17624
2016-06-18,17571
2016-06-25,17181
2016-07-02,16540
2016-07-09,16075
2016-07-16,17483
2016-07-23,15838
2016-07-30,14990
2016-08-06,16186
2016-08-13,15596
2016-08-20,15210
2016-08-27,14268
2016-09-03,15707
2016-09-10,13072
2016-09-17,14817
2016-09-24,14694
2016-10-01,14323
2016-10-08,16881
2016-10-15,14613
2016-10-22,15308
2016-10-29,15832
2016-11-05,17998
2016-11-12,15829
2016-11-19,18565
2016-11-26,10877
2016-12-03,20194
2016-12-10,15509
2016-12-17,15595
2016-12-24,13720
2016-12-31,11715
2017-01-07,21401
2017-01-14,17583
2017-01-21,15064
2017-01-28,15118
2017-02-04,15306
2017-02-11,14652
2017-02-18,13841
2017-02-25,12293
2017-03-04,13841
2017-03-11,14103
2017-03-18,13344
2017-03-25,15950
2017-04-01,13745
2017-04-08,16625
2017-04-15,13147
2017-04-22,13835
2017-04-29,13224
2017-05-06,14590
2017-05-13,14546
2017-05-20,15198
2017-05-27,15135
2017-06-03,14020
2017-06-10,15942
2017-06-17,15593
2017-06-24,15407
2017-07-01,14052
2017-07-08,13296
2017-07-15,14448
2017-07-22,13607
2017-07-29,13166
2017-08-05,14081
2017-08-12,13218
2017-08-19,13290
2017-08-26,12105
2017-09-02,63788
2017-09-09,52024
2017-09-16,28387
2017-09-23,20104
2017-09-30,17063
2017-10-07,16656
2017-10-14,14865
2017-10-21,15164
2017-10-28,14423
2017-11-04,14937
2017-11-11,14719
2017-11-18,15826
2017-11-25,10737
2017-12-02,19599
2017-12-09,14375
2017-12-16,14244
2017-12-23,14138
2017-12-30,9919
2018-01-06,14973
2018-01-13,20540
2018-01-20,12793
2018-01-27,14275
2018-02-03,14131
2018-02-10,13738
2018-02-17,13044
2018-02-24,11697
2018-03-03,12570
2018-03-10,12848
2018-03-17,11837
2018-03-24,14723
2018-03-31,11603
2018-04-07,15108
2018-04-14,12698
2018-04-21,12221
2018-04-28,12086
2018-05-05,13780
2018-05-12,13755
2018-05-19,13953
2018-05-26,12836
2018-06-02,12227
2018-06-09,14504
2018-06-16,14167
2018-06-23,13474
2018-06-30,13599
2018-07-07,13353
2018-07-14,13703
2018-07-21,12549
2018-07-28,11737
2018-08-04,12275
2018-08-11,11658
2018-08-18,11760
2018-08-25,11956
2018-09-01,11301
2018-09-08,10838
2018-09-15,11857
2018-09-22,10994
2018-09-29,10447
2018-10-06,11980
2018-10-13,11802
2018-10-20,12422
2018-10-27,12201
2018-11-03,12808
2018-11-10,14597
2018-11-17,15133
2018-11-24,9653
2018-12-01,17035
2018-12-08,14041
2018-12-15,13461
2018-12-22,13894
2018-12-29,9090
2019-01-05,12905
2019-01-12,20493
2019-01-19,17453
2019-01-26,12479
2019-02-02,14161
2019-02-09,13526
2019-02-16,12388
2019-02-23,11766
2019-03-02,12099
2019-03-09,12760
2019-03-16,11580
2019-03-23,14382
2019-03-30,12327
2019-04-06,13093
2019-04-13,13868
2019-04-20,11439
2019-04-27,12084
2019-05-04,12748
2019-05-11,12959
2019-05-18,13807
2019-05-25,14355
2019-06-01,12773
2019-06-08,15186
2019-06-15,15081
2019-06-22,14494
2019-06-29,13655
2019-07-06,11598
2019-07-13,16144
2019-07-20,12958
2019-07-27,12265
2019-08-03,12915
2019-08-10,12816
2019-08-17,11694
2019-08-24,12619
2019-08-31,13048
2019-09-07,11500
2019-09-14,12273
2019-09-21,12440
2019-09-28,12691
2019-10-05,14146
2019-10-12,14342
2019-10-19,13058
2019-10-26,13183
2019-11-02,13861
2019-11-09,16393
2019-11-16,14335
2019-11-23,16139
2019-11-30,10359
2019-12-07,20649
2019-12-14,15037
2019-12-21,12589
2019-12-28,8947
